Log_Date,Log_Time,Time,Depth,Ax,Ay,Az,pitch,roll,yaw,velocityx,velocityy,velocityz,distancex,distancey,distancez,rpm,rudderangle,sternangle
02.08.2026,05:59:54,31800,0.162623,0.02,0.04,-0.26,-10.6875,-8.875,270,0,0,0,0,0,0,0,0,6.606495
02.08.2026,05:59:54,31906,0.156486,0.5,0.04,-0.34,-10.75,-9.125,270.125,0,0,0,0,0,0,0,0.375,6.484329
02.08.2026,05:59:54,32012,0.159554,-0.2,0.06,-0.26,-10.75,-9.4375,270.1875,0,0,0,0,0,0,0,0.5625,6.975266
02.08.2026,05:59:54,32118,0.1616,0.1,0.03,-0.29,-10.6875,-9.3125,270.125,0,0,0,0,0,0,0,0.375,7.217335
02.08.2026,05:59:54,32224,0.166714,0.31,0.02,-0.33,-10.6875,-9.125,270.125,0,0,0,0,0,0,0,0.375,6.453079
02.08.2026,05:59:54,32330,0.158532,-0.05,0.11,-0.14,-10.75,-9.625,270.1875,0,0,0,0,0,0,0,0.375,6.515011
02.08.2026,05:59:54,32436,0.159554,-0.13,-0.03,-0.18,-10.6875,-9.5,270.25,0,0,0,0,0,0,0,0.75,6.883217
02.08.2026,05:59:54,32542,0.162623,-0.3,-0.12,-0.27,-10.4375,-9.375,270.125,0,0,0,0,0,0,0,0.5625,6.286633
02.08.2026,05:59:54,32648,0.167737,0.35,0.02,-0.16,-10.1875,-9.375,269.875,0,0,0,0,0,0,0,-0.53125,4.272373
02.08.2026,05:59:54,32754,0.166714,0.27,-0.04,-0.04,-10.1875,-9.1875,269.5,0,0,0,0,0,0,0,-1.8125,5.226395
02.08.2026,05:59:54,32860,0.157509,-0.05,-0.06,-0.27,-10.3125,-9.0625,269.3125,0,0,0,0,0,0,0,-2.21875,4.922962
02.08.2026,05:59:54,32966,0.163646,1.35,0.05,-0.8,-10.375,-9.1875,269.1875,0,0,0,0,0,0,0,-2.4375,6.681549
02.08.2026,05:59:54,33072,0.155463,-0.64,-0.08,-0.28,-10.375,-9.125,269,0,0,0,0,0,0,0,-3.15625,5.81675
02.08.2026,05:59:54,33178,0.165691,0.45,-0.33,-0.29,-10.5,-8,268.9375,0,0,0,0,0,0,0,-3.1875,6.933819
02.08.2026,05:59:54,33284,0.159554,0.75,-0.36,-0.77,-10.875,-9.3125,268.625,0,0,0,0,0,0,0,-4.125,7.35593
02.08.2026,05:59:54,33390,0.169782,0.71,-0.82,-1.13,-11.4375,-13.125,268.625,0,0,0,0,0,0,0,-4.5,10.10489
02.08.2026,05:59:54,33496,0.206602,1.32,-1.85,-3.13,-11.125,-13,269.125,0,0,0,0,0,0,0,-3.1875,10.68788
02.08.2026,05:59:54,33602,0.294562,1.61,-2.81,-3.9,-9.75,-12.9375,269.3125,0,0,0,0,0,0,0,-2.21875,10.53465
02.08.2026,05:59:54,33708,0.379453,-0.57,0,-1.96,-10.375,-18.9375,268.75,0,0,0,0,0,0,0,-3.90625,10.10857
02.08.2026,05:59:54,33814,0.430592,-0.57,-0.99,1.5,-14.75,-18.25,269.0625,0,0,0,0,0,0,0,-2.65625,33.85253
02.08.2026,05:59:54,33920,0.514461,-0.16,-0.59,0.9,-19.8125,-14.625,268.75,0,0,0,0,0,0,0,-3.5,40
02.08.2026,05:59:54,34026,0.60958,0.05,-0.31,0.65,-21.875,-12.5625,268.0625,0,0,0,0,0,0,0,-6.4375,40
02.08.2026,05:59:54,34132,0.651514,0.16,-0.34,0.6,-22.6875,-11.6875,267.375,0,0,0,0,0,0,0,-8.34375,40
02.08.2026,05:59:54,34238,0.721063,0.36,-0.15,0.4,-22.75,-12.4375,267.0625,0,0,0,0,0,0,0,-8.96875,40
02.08.2026,05:59:54,34344,0.777316,0.15,-0.07,0.19,-22.4375,-16.125,267.1875,0,0,0,0,0,0,0,-8.625,40
02.08.2026,05:59:54,34450,0.798795,-0.31,-0.13,0.32,-21.8125,-19.4375,267.5625,0,0,0,0,0,0,0,-7.6875,40
02.08.2026,05:59:54,34556,0.838683,-0.32,-0.12,0.45,-21,-20.875,267.875,0,0,0,0,0,0,0,-6.21875,40
02.08.2026,05:59:54,34662,0.886754,0,-0.08,0.29,-19.9375,-19.5625,268.0625,0,0,0,0,0,0,0,-5.65625,40
02.08.2026,05:59:54,34768,0.912324,0.01,-0.07,0.1,-18.875,-16.6875,268.375,0,0,0,0,0,0,0,-4.875,40
02.08.2026,05:59:54,34874,0.950167,0.17,-0.19,0,-17.375,-12.5625,269.0625,0,0,0,0,0,0,0,-3.375,40
02.08.2026,05:59:54,34980,0.986987,0.4,-0.13,0.18,-16.125,-11.0625,269.75,0,0,0,0,0,0,0,-1.3125,40
02.08.2026,05:59:54,35086,1.002329,0.39,-0.11,0.25,-14.875,-11.8125,270.4375,0,0,0,0,0,0,0,1.78125,40
02.08.2026,05:59:54,35192,1.030967,0.17,-0.14,0.05,-13.6875,-14.1875,271.125,0,0,0,0,0,0,0,3.84375,40
02.08.2026,05:59:54,35298,1.042217,-0.17,-0.14,0.19,-12.75,-16.8125,271.8125,0,0,0,0,0,0,0,6.0625,39.71431
02.08.2026,05:59:54,35404,1.058582,-0.12,-0.12,0.21,-11.625,-18.375,272.8125,0,0,0,0,0,0,0,9.0625,37.12284
02.08.2026,05:59:54,35510,1.076992,0.46,-0.05,0.28,-11,-17.9375,273.6875,0,0,0,0,0,0,0,12,34.31657
02.08.2026,05:59:54,35616,1.081083,0.19,-0.05,-0.01,-10.5,-16.625,274.5625,0,0,0,0,0,0,0,14.46875,34.04958
02.08.2026,05:59:54,35722,1.090288,-0.13,-0.05,0.13,-10,-15,275.5625,0,0,0,0,0,0,0,16.6875,32.54957
02.08.2026,05:59:54,35828,1.092334,-0.05,-0.07,0,-9.375,-13.9375,276.8125,0,0,0,0,0,0,0,19.5,30.28248
02.08.2026,05:59:54,35934,1.088243,0.02,-0.01,0.13,-8.875,-14.125,277.5625,0,0,0,0,0,0,0,22.125,29.86206
02.08.2026,05:59:54,36040,1.093357,0.3,0.05,0.03,-8.375,-15.125,278.25,0,0,0,0,0,0,0,24.1875,28.20866
02.08.2026,05:59:54,36146,1.100516,0.15,0.01,0.06,-8.0625,-16.125,278.8125,0,0,0,0,0,0,0,27.0625,27.82346
02.08.2026,05:59:54,36252,1.094379,0.37,0,0.13,-7.8125,-16.6875,279.3125,0,0,0,0,0,0,0,28.40625,26.11263
02.08.2026,05:59:54,36358,1.084152,0.46,0.02,0.06,-7.6875,-16.4375,280,0,0,0,0,0,0,0,29.90625,25.92174
02.08.2026,05:59:54,36464,1.102562,0.11,0.04,-0.2,-7.6875,-15.875,280.4375,0,0,0,0,0,0,0,31.625,26.04729
02.08.2026,05:59:54,36570,1.078015,-0.19,0.07,-0.04,-7.75,-15.1875,280.875,0,0,0,0,0,0,0,32.9375,25.13302
02.08.2026,05:59:54,36676,1.058582,0.05,-0.04,-0.03,-7.875,-14.75,281.1875,0,0,0,0,0,0,0,33.71875,26.30579
02.08.2026,05:59:54,36782,1.058582,0.08,0.06,-0.37,-8.125,-14.625,281.4375,0,0,0,0,0,0,0,34.46875,26.28871
02.08.2026,05:59:54,36888,1.053468,0.17,0.03,-0.16,-8.5,-15.1875,281.625,0,0,0,0,0,0,0,34.875,27.12793
02.08.2026,05:59:54,36994,1.040172,0.02,0.03,0.02,-8.75,-15.6875,281.8125,0,0,0,0,0,0,0,35.25,27.11084
02.08.2026,05:59:54,37100,1.044263,0.37,0.01,-0.07,-8.9375,-15.9375,281.875,0,0,0,0,0,0,0,35.4375,29.11886
02.08.2026,05:59:54,37206,1.030967,-0.03,0.12,-0.47,-9.1875,-15.875,282,0,0,0,0,0,0,0,36.15625,26.76982
02.08.2026,05:59:54,37312,1.026876,0,0.1,-0.34,-9.375,-15.625,282.125,0,0,0,0,0,0,0,36.53125,29.97734
02.08.2026,05:59:54,37418,1.000283,-0.04,0.07,-0.21,-9.5625,-15.5625,282.3125,0,0,0,0,0,0,0,36.9375,26.54475
02.08.2026,05:59:54,37524,1.007443,0.32,0.01,0.05,-9.625,-15.5,282.4375,0,0,0,0,0,0,0,37.3125,28.76077
02.08.2026,05:59:54,37630,1.012557,0.06,0.05,-0.1,-9.6875,-15.5,282.5625,0,0,0,0,0,0,0,37.6875,27.50614
02.08.2026,05:59:54,37736,0.996192,0.15,0.04,-0.07,-9.8125,-15.375,282.625,0,0,0,0,0,0,0,38.03125,28.31354
02.08.2026,05:59:54,37842,0.998238,0.19,0.01,-0.02,-9.8125,-15.125,282.625,0,0,0,0,0,0,0,37.875,29.446
02.08.2026,05:59:54,37948,0.995169,0.11,0.02,-0.43,-9.875,-15.0625,282.5625,0,0,0,0,0,0,0,37.53125,29.08403
02.08.2026,05:59:54,38054,0.989033,0.1,0.05,-0.26,-9.9375,-15.1875,282.5,0,0,0,0,0,0,0,37.5,28.47092
02.08.2026,05:59:54,38160,0.955281,0.16,0.09,-0.01,-10,-15.375,282.375,0,0,0,0,0,0,0,36.96875,28.47432
02.08.2026,05:59:54,38266,0.963463,0,0.05,-0.03,-10.1875,-15.5,282.3125,0,0,0,0,0,0,0,36.9375,32.78305
02.08.2026,05:59:54,38372,0.967554,0.24,0.03,-0.38,-10.5625,-15.5625,282.1875,0,0,0,0,0,0,0,36.5625,30.33913
02.08.2026,05:59:54,38478,0.96244,0.23,0.03,-0.19,-11,-15.625,282.125,0,0,0,0,0,0,0,36.375,29.47309
02.08.2026,05:59:54,38584,0.984941,-0.1,0,-0.32,-11.5,-15.625,282.0625,0,0,0,0,0,0,0,36.1875,34.83582
02.08.2026,05:59:54,38690,0.976759,0.33,0.02,-0.13,-11.9375,-15.625,282,0,0,0,0,0,0,0,36,35.42778
02.08.2026,05:59:54,38796,0.977782,0.1,0.08,-0.58,-12.3125,-15.5625,281.875,0,0,0,0,0,0,0,35.625,17.56807
02.08.2026,05:59:54,38902,0.960395,-0.09,0.02,-0.45,-12.5625,-15.5625,281.75,0,0,0,0,0,0,0,35.09375,19.01756
02.08.2026,05:59:54,39008,0.959372,0.01,0.02,-0.06,-12.625,-15.625,281.6875,0,0,0,0,0,0,0,35.0625,18.84026
02.08.2026,05:59:54,39114,0.970623,0.12,0.03,0.12,-12.5625,-15.5,281.5,0,0,0,0,0,0,0,34.34375,18.28455
02.08.2026,05:59:54,39220,0.950167,0.02,0.05,-0.29,-12.375,-15.25,281.125,0,0,0,0,0,0,0,32.90625,19.83639
02.08.2026,05:59:54,39326,0.98085,0,0.05,-0.25,-12.25,-14.625,280.5,0,0,0,0,0,0,0,32.0625,17.68174
02.08.2026,05:59:54,39432,0.966531,-0.22,0.01,-0.39,-12.125,-14.375,280,0,0,0,0,0,0,0,30.5625,17.06411
02.08.2026,05:59:54,39538,0.965509,0.11,-0.04,-0.25,-12.125,-14.5,279.625,0,0,0,0,0,0,0,29.25,17.73914
02.08.2026,05:59:54,39644,0.976759,-0.12,0.12,-0.5,-12.1875,-15,279.3125,0,0,0,0,0,0,0,27.78125,16.63794
02.08.2026,05:59:54,39750,0.965509,0.16,0.06,-0.18,-12.25,-15.6875,279.125,0,0,0,0,0,0,0,27.21875,19.24944
02.08.2026,05:59:54,39856,0.990055,-0.21,0.03,-0.18,-12.4375,-16.3125,278.9375,0,0,0,0,0,0,0,27,19.25906
02.08.2026,05:59:54,39962,0.965509,0.37,-0.02,-0.11,-12.5625,-16.375,278.9375,0,0,0,0,0,0,0,26.8125,16.71629
02.08.2026,05:59:54,40068,0.972668,-0.04,0.04,-0.45,-12.75,-16.125,278.9375,0,0,0,0,0,0,0,26.8125,20.22441
02.08.2026,05:59:54,40174,0.96244,0.09,0.04,-0.18,-12.9375,-15.75,278.875,0,0,0,0,0,0,0,26.625,19.69137
02.08.2026,05:59:54,40280,0.971645,-0.03,0.04,-0.43,-13.0625,-15.4375,278.8125,0,0,0,0,0,0,0,26.4375,21.22952
02.08.2026,05:59:54,40386,0.981873,0.17,0.06,-0.45,-13.25,-15.375,278.75,0,0,0,0,0,0,0,26.4375,21.97612
02.08.2026,05:59:54,40492,0.993124,0.13,0.05,-0.03,-13.4375,-15.625,278.6875,0,0,0,0,0,0,0,26.0625,21.02889
02.08.2026,05:59:54,40598,1.029944,0.16,0.01,-0.01,-13.5625,-16,278.5625,0,0,0,0,0,0,0,25.875,23.76653
02.08.2026,05:59:54,40704,0.986987,0.15,0,-0.35,-13.6875,-16.3125,278.4375,0,0,0,0,0,0,0,25.3125,21.29135
02.08.2026,05:59:54,40810,0.968577,0.24,-0.04,-0.12,-13.8125,-16.3125,278.3125,0,0,0,0,0,0,0,24.9375,19.48783
02.08.2026,05:59:54,40916,1.013579,-0.03,0.07,-0.32,-13.875,-16.0625,278.1875,0,0,0,0,0,0,0,24.5625,27.10074
02.08.2026,05:59:54,41022,1.019716,-0.12,0.07,-0.39,-13.9375,-15.75,278,0,0,0,0,0,0,0,24.1875,24.77219
02.08.2026,05:59:54,41128,1.007443,0.03,0.08,-0.13,-13.8125,-15.3125,277.8125,0,0,0,0,0,0,0,23.28125,24.82393
02.08.2026,05:59:54,41234,1.022784,0.02,0.03,0.05,-13.5625,-14.8125,277.3125,0,0,0,0,0,0,0,21.46875,20.63737
02.08.2026,05:59:54,41340,1.027898,0.1,0.01,0.05,-13.0625,-14.25,276.625,0,0,0,0,0,0,0,19.78125,20.61698
02.08.2026,05:59:54,41446,1.016648,0.09,0.05,-0.16,-12.875,-14.1875,276.0625,0,0,0,0,0,0,0,17.71875,20.9409
02.08.2026,05:59:54,41552,1.010511,-0.07,0.02,-0.39,-12.875,-14.4375,275.6875,0,0,0,0,0,0,0,16.75,20.57214
02.08.2026,05:59:54,41658,1.017671,0.1,0.06,-0.44,-13.0625,-14.6875,275.3125,0,0,0,0,0,0,0,15.625,22.05797
02.08.2026,05:59:54,41764,1.022784,-0.02,0.08,-0.34,-13.375,-15.0625,275.0625,0,0,0,0,0,0,0,15.1875,24.62453
02.08.2026,05:59:54,41870,1.039149,-0.12,0.03,-0.27,-13.8125,-15.875,274.8125,0,0,0,0,0,0,0,14.625,25.09611
02.08.2026,05:59:54,41976,1.037104,0.34,0.05,-0.17,-14.125,-16.25,274.75,0,0,0,0,0,0,0,14.25,24.34602
02.08.2026,05:59:54,42082,1.025853,0.21,0,-0.17,-14.4375,-16.3125,274.6875,0,0,0,0,0,0,0,14.0625,27.7416
02.08.2026,05:59:54,42188,1.03199,-0.06,0.02,-0.53,-14.8125,-16,274.6875,0,0,0,0,0,0,0,14.0625,28.03474
02.08.2026,05:59:54,42294,1.052445,0.27,0,-0.22,-15.125,-15.75,274.75,0,0,0,0,0,0,0,14.25,27.45052
02.08.2026,05:59:54,42400,1.033012,0.14,0.02,-0.26,-15.375,-15.5625,274.75,0,0,0,0,0,0,0,14.09375,29.75916
02.08.2026,05:59:54,42506,1.055514,0,0.05,-0.54,-15.625,-15.625,274.75,0,0,0,0,0,0,0,14.25,30.66257
02.08.2026,05:59:54,42612,1.065741,0.01,-0.01,-0.26,-15.8125,-15.75,274.6875,0,0,0,0,0,0,0,14.0625,31.01369
02.08.2026,05:59:54,42718,1.076992,0.17,0,-0.43,-15.9375,-15.875,274.5625,0,0,0,0,0,0,0,13.53125,33.04276
02.08.2026,05:59:54,42824,1.08722,0.38,0.01,-0.18,-16,-15.9375,274.4375,0,0,0,0,0,0,0,13.3125,33.23027
02.08.2026,05:59:54,42930,1.086197,0.22,-0.02,-0.19,-16,-15.875,274.3125,0,0,0,0,0,0,0,13.125,34.21214
02.08.2026,05:59:54,43036,1.10563,-0.15,-0.03,-0.3,-15.9375,-15.75,274.1875,0,0,0,0,0,0,0,12.75,34.23943
02.08.2026,05:59:54,43142,1.109721,0.3,-0.01,-0.22,-15.875,-15.5625,274,0,0,0,0,0,0,0,11.6875,31.68929
02.08.2026,05:59:54,43248,1.116881,-0.09,0.02,-0.39,-15.8125,-15.4375,273.8125,0,0,0,0,0,0,0,11.4375,35.67476
02.08.2026,05:59:54,43354,1.117903,-0.1,-0.02,-0.37,-15.6875,-15.4375,273.5,0,0,0,0,0,0,0,10.875,33.02917
02.08.2026,05:59:54,43460,1.16802,-0.06,0,-0.16,-15.5625,-15.4375,273.25,0,0,0,0,0,0,0,9.9375,35.72593
02.08.2026,05:59:54,43566,1.151655,0.08,-0.06,-0.42,-15.5,-15.4375,273,0,0,0,0,0,0,0,8.84375,32.07119
02.08.2026,05:59:54,43672,1.16086,0.19,-0.02,-0.31,-15.5,-15.4375,272.8125,0,0,0,0,0,0,0,8.28125,33.93948
02.08.2026,05:59:54,43778,1.190521,0.27,0.02,-0.1,-15.5,-15.5625,272.6875,0,0,0,0,0,0,0,8.0625,33.87812
02.08.2026,05:59:54,43884,1.199726,-0.14,0,-0.31,-15.5625,-15.625,272.5,0,0,0,0,0,0,0,7.5,34.12358
02.08.2026,05:59:54,43990,1.192567,0.28,-0.03,-0.27,-15.5625,-15.625,272.3125,0,0,0,0,0,0,0,6.78125,34.03493
02.08.2026,05:59:54,44096,1.207909,-0.07,0.01,-0.42,-15.6875,-15.625,272.1875,0,0,0,0,0,0,0,6.40625,33.52295
02.08.2026,05:59:54,44202,1.198703,-0.04,-0.03,-0.21,-15.6875,-15.625,272.0625,0,0,0,0,0,0,0,6.1875,37.14077
02.08.2026,05:59:54,44308,1.217114,0.02,-0.04,-0.01,-15.6875,-15.4375,271.9375,0,0,0,0,0,0,0,5.8125,36.40437
02.08.2026,05:59:54,44414,1.24882,0.05,0.02,-0.41,-15.75,-15.1875,271.8125,0,0,0,0,0,0,0,5.4375,37.6351
02.08.2026,05:59:54,44520,1.252911,0.15,0.02,-0.35,-15.75,-15,271.6875,0,0,0,0,0,0,0,5.0625,36.83733
02.08.2026,05:59:54,44626,1.265184,0.27,0.04,-0.13,-15.6875,-14.875,271.5625,0,0,0,0,0,0,0,4.6875,37.75443
02.08.2026,05:59:54,44732,1.265184,0.36,0.07,-0.21,-15.6875,-14.9375,271.5,0,0,0,0,0,0,0,55,37.14076
02.08.2026,05:59:54,44838,1.296891,0.25,0,-0.3,-15.6875,-15.375,271.5,0,0,0,0,0,0,0,55,38.30675
02.08.2026,05:59:54,44944,1.300982,-0.06,0,-0.28,-15.625,-15.5625,271.5,0,0,0,0,0,0,0,55,37.32487
02.08.2026,05:59:54,45050,1.297914,0.01,-0.02,-0.24,-15.625,-15.625,271.5625,0,0,0,0,0,0,0,55,38.45676
02.08.2026,05:59:54,45156,1.321438,0.46,-0.05,-0.05,-15.5,-15.625,271.625,0,0,0,0,0,0,0,55,39.21423
02.08.2026,05:59:54,45262,1.32962,0.22,-0.03,-0.17,-15.4375,-15.625,271.625,0,0,0,0,0,0,0,55,38.13973
02.08.2026,05:59:54,45368,1.343939,0,-0.02,-0.25,-15.25,-15.8125,271.5625,0,0,0,0,0,0,0,55,39.17616
02.08.2026,05:59:54,45474,1.344962,0.37,0,-0.11,-15.125,-15.9375,271.375,0,0,0,0,0,0,0,55,38.34092
02.08.2026,05:59:54,45580,1.351098,0.26,0.05,-0.13,-15,-16.0625,271,0,0,0,0,0,0,0,55,38.18071
02.08.2026,05:59:54,45686,1.380759,0.16,0.03,-0.11,-14.875,-16.0625,270.625,0,0,0,0,0,0,0,55,40
02.08.2026,05:59:54,45792,1.382805,-0.17,-0.01,-0.4,-14.8125,-15.9375,270.125,0,0,0,0,0,0,0,55,37.49207
02.08.2026,05:59:54,45898,1.38485,-0.15,0,-0.34,-14.75,-15.75,269.4375,0,0,0,0,0,0,0,55,37.51936
02.08.2026,05:59:54,46004,1.407351,0.21,0,-0.2,-14.6875,-15.5625,268.875,0,0,0,0,0,0,0,55,39.72857
02.08.2026,05:59:54,46110,1.41042,0.07,0.04,-0.09,-14.6875,-15.3125,268.3125,0,0,0,0,0,0,0,55,38.31373
02.08.2026,05:59:54,46216,1.429853,0.12,-0.01,-0.11,-14.625,-15.125,267.625,0,0,0,0,0,0,0,55,40
02.08.2026,05:59:54,46322,1.433944,0.07,0.03,-0.09,-14.4375,-15.0625,266.8125,0,0,0,0,0,0,0,55,37.90181
02.08.2026,05:59:54,46428,1.439058,0,0.02,-0.4,-14.3125,-15.0625,266.125,0,0,0,0,0,0,0,55,40
02.08.2026,05:59:54,46534,1.451331,0.04,0.01,-0.17,-14.125,-15.125,265.5625,0,0,0,0,0,0,0,55,37.88141
02.08.2026,05:59:54,46640,1.46565,-0.31,-0.01,-0.32,-13.9375,-15,264.8125,0,0,0,0,0,0,0,55,37.84054
02.08.2026,05:59:54,46746,1.468719,-0.34,0,-0.22,-13.75,-14.9375,264.0625,0,0,0,0,0,0,0,55,37.58487
02.08.2026,05:59:54,46852,1.478946,0.15,0,-0.15,-13.5,-14.875,263.125,0,0,0,0,0,0,0,55,38.68212
02.08.2026,05:59:54,46958,1.475878,0.02,0,-0.26,-13.375,-14.9375,262.4375,0,0,0,0,0,0,0,55,36.86499
02.08.2026,05:59:54,47064,1.485083,-0.12,0.01,-0.09,-13.25,-15.0625,261.6875,0,0,0,0,0,0,0,55,37.13435
02.08.2026,05:59:54,47170,1.498379,0.09,0.05,0,-13.1875,-15.125,260.9375,0,0,0,0,0,0,0,55,37.61848
02.08.2026,05:59:54,47276,1.500425,-0.03,0,-0.15,-13.125,-15.125,260.25,0,0,0,0,0,0,0,55,36.51048
02.08.2026,05:59:54,47382,1.503493,-0.08,0,-0.11,-13.125,-14.9375,259.1875,0,0,0,0,0,0,0,55,35.19108
02.08.2026,05:59:54,47488,1.497357,-0.22,0.02,-0.42,-13.1875,-14.8125,258.375,0,0,0,0,0,0,0,55,37.37585
02.08.2026,05:59:54,47594,1.506562,-0.26,0,-0.3,-13.25,-14.75,257.5,0,0,0,0,0,0,0,55,37.4071
02.08.2026,05:59:54,47700,1.514744,0.01,0.11,-0.04,-13.3125,-14.75,256.625,0,0,0,0,0,0,0,55,38.331
02.08.2026,05:59:54,47806,1.508607,-0.2,0.1,-0.36,-13.375,-15,255.75,0,0,0,0,0,0,0,55,37.75141
02.08.2026,05:59:54,47912,1.531108,-0.02,0.08,-0.17,-13.4375,-15.375,254.6875,0,0,0,0,0,0,0,55,38.61395
02.08.2026,05:59:54,48018,1.532131,0.1,0.02,0.02,-13.4375,-15.4375,253.875,0,0,0,0,0,0,0,55,37.38662
02.08.2026,05:59:54,48124,1.529063,-0.07,0.01,-0.22,-13.375,-15.4375,253.125,0,0,0,0,0,0,0,55,37.81278
02.08.2026,05:59:54,48230,1.539291,-0.24,0.02,-0.42,-13.25,-15.25,252.375,0,0,0,0,0,0,0,55,38.63444
02.08.2026,05:59:54,48336,1.548496,-0.1,0.03,-0.43,-13.0625,-14.9375,251.3125,0,0,0,0,0,0,0,55,37.45543
02.08.2026,05:59:54,48442,1.551564,-0.03,0.04,-0.17,-12.9375,-14.8125,250.5,0,0,0,0,0,0,0,55,38.27993
02.08.2026,05:59:54,48548,1.556678,0.04,0.06,-0.11,-12.875,-14.6875,249.6875,0,0,0,0,0,0,0,55,35.85253
02.08.2026,05:59:54,48654,1.568951,-0.16,0.12,-0.28,-12.8125,-14.625,248.75,0,0,0,0,0,0,0,55,37.32194
02.08.2026,05:59:54,48760,1.580202,0.17,0.02,0,-12.75,-14.625,247.9375,0,0,0,0,0,0,0,55,37.71459
02.08.2026,05:59:54,48866,1.555655,0.13,0.02,0,-12.75,-14.625,246.625,0,0,0,0,0,0,0,55,36.73555
02.08.2026,05:59:54,48972,1.588384,-0.05,0.06,-0.2,-12.8125,-14.6875,245.75,0,0,0,0,0,0,0,55,36.95374
02.08.2026,05:59:54,49078,1.570997,-0.17,0.01,-0.41,-12.8125,-14.8125,244.75,0,0,0,0,0,0,0,55,36.52417
02.08.2026,05:59:54,49184,1.563838,-0.26,0.01,-0.37,-12.875,-14.75,243.8125,0,0,0,0,0,0,0,55,37.19921
02.08.2026,05:59:54,49290,1.585316,-0.17,0.01,-0.38,-12.875,-14.8125,242.8125,0,0,0,0,0,0,0,55,39.56524
02.08.2026,05:59:54,49396,1.580202,0.08,0.07,-0.23,-13,-14.75,241.5,0,0,0,0,0,0,0,55,40
02.08.2026,05:59:54,49502,1.594521,-0.11,0.03,-0.53,-13.125,-14.75,240.5,0,0,0,0,0,0,0,55,38.77766
02.08.2026,05:59:54,49608,1.581225,0.14,0.06,-0.02,-13.1875,-14.75,239.625,0,0,0,0,0,0,0,55,38.53899
02.08.2026,05:59:54,49714,1.59043,-0.07,0.08,-0.38,-13.3125,-14.875,238.6875,0,0,0,0,0,0,0,55,39.13161
02.08.2026,05:59:54,49820,1.596567,-0.05,0,-0.18,-13.3125,-15,237.4375,0,0,0,0,0,0,0,55,40
02.08.2026,05:59:54,49926,1.612931,-0.14,0.03,-0.27,-13.3125,-15.125,236.4375,0,0,0,0,0,0,0,55,40
02.08.2026,05:59:54,50032,1.60884,-0.31,0.03,-0.33,-13.3125,-15.1875,235.5,0,0,0,0,0,0,0,55,40
02.08.2026,05:59:54,50138,1.618045,-0.1,0,-0.25,-13.3125,-15.1875,234.5625,0,0,0,0,0,0,0,55,40
02.08.2026,05:59:54,50244,1.622136,-0.05,0.08,-0.42,-13.375,-15.125,233.6875,0,0,0,0,0,0,0,55,40
02.08.2026,05:59:54,50350,1.643615,-0.11,0.12,-0.49,-13.4375,-15.0625,232.5625,0,0,0,0,0,0,0,55,40
02.08.2026,05:59:54,50456,1.656911,0.11,0.08,0.02,-13.5,-15.0625,231.75,0,0,0,0,0,0,0,55,40
02.08.2026,05:59:54,50562,1.658957,-0.02,0.02,-0.4,-13.5,-14.9375,230.875,0,0,0,0,0,0,0,55,40
02.08.2026,05:59:54,50668,1.656911,-0.23,0.01,-0.46,-13.5,-14.875,229.9375,0,0,0,0,0,0,0,55,40
02.08.2026,05:59:54,50774,1.653843,0.1,0.08,-0.05,-13.5625,-14.8125,229,0,0,0,0,0,0,0,55,40
02.08.2026,05:59:54,50880,1.673275,-0.25,0.1,-0.44,-13.6875,-14.75,227.75,0,0,0,0,0,0,0,55,40
02.08.2026,05:59:54,50986,1.657934,0.02,0.02,-0.26,-13.75,-14.8125,226.8125,0,0,0,0,0,0,0,55,40
02.08.2026,05:59:54,51092,1.669184,-0.26,0.12,-0.5,-13.8125,-15,225.875,0,0,0,0,0,0,0,55,40
02.08.2026,05:59:54,51198,1.675321,-0.26,0.05,-0.04,-13.875,-15.125,225.0625,0,0,0,0,0,0,0,55,40
02.08.2026,05:59:54,51304,1.685549,-0.12,0.05,-0.23,-13.9375,-15.3125,223.8125,0,0,0,0,0,0,0,55,40
02.08.2026,05:59:54,51410,1.690663,-0.04,-0.01,-0.5,-13.9375,-15.3125,222.9375,0,0,0,0,0,0,0,55,40
02.08.2026,05:59:54,51516,1.704982,-0.11,0.05,-0.18,-14,-15.125,222,0,0,0,0,0,0,0,55,40
02.08.2026,05:59:54,51622,1.719301,0.07,0.17,-0.12,-14,-14.875,221.0625,0,0,0,0,0,0,0,55,40
02.08.2026,05:59:54,51728,1.72646,0.19,0.01,-0.1,-14,-14.6875,220.125,0,0,0,0,0,0,0,55,40
02.08.2026,05:59:54,51834,1.729529,0.18,0.02,-0.06,-13.9375,-14.6875,218.875,0,0,0,0,0,0,0,55,40
02.08.2026,05:59:54,51940,1.731574,-0.2,0.01,-0.37,-13.9375,-14.875,217.9375,0,0,0,0,0,0,0,55,40
02.08.2026,05:59:54,52046,1.723392,-0.14,0.11,0.03,-13.875,-15.125,217.0625,0,0,0,0,0,0,0,55,40
02.08.2026,05:59:54,52152,1.747939,0.08,0.13,-0.04,-13.875,-15.3125,216.1875,0,0,0,0,0,0,0,55,40
02.08.2026,05:59:54,52258,1.74487,0.05,0.07,-0.48,-13.9375,-15.3125,215.3125,0,0,0,0,0,0,0,55,40
02.08.2026,05:59:54,52364,1.758167,-0.02,0.11,-0.45,-14,-15.1875,214.1875,0,0,0,0,0,0,0,55,40
02.08.2026,05:59:54,52470,1.766349,0.06,0.15,-0.12,-14,-15.125,213.3125,0,0,0,0,0,0,0,55,40
02.08.2026,05:59:54,52576,1.777599,0.13,0.03,-0.08,-14,-15.125,212.4375,0,0,0,0,0,0,0,55,40
02.08.2026,05:59:54,52682,1.789873,0.15,0.16,-0.21,-14,-15,211.6875,0,0,0,0,0,0,0,55,40
02.08.2026,05:59:54,52788,1.803169,-0.13,0.08,-0.1,-13.9375,-15,210.8125,0,0,0,0,0,0,0,55,40
02.08.2026,05:59:54,52894,1.798055,-0.09,0,-0.1,-13.9375,-14.9375,209.6875,0,0,0,0,0,0,0,55,40
02.08.2026,05:59:54,53000,1.79601,-0.29,0.05,-0.28,-13.875,-15,208.8125,0,0,0,0,0,0,0,55,40
02.08.2026,05:59:54,53106,1.812374,-0.04,0.08,-0.5,-13.875,-14.9375,207.9375,0,0,0,0,0,0,0,55,40
02.08.2026,05:59:54,53212,1.816465,0.1,0.08,-0.07,-13.875,-14.8125,207.0625,0,0,0,0,0,0,0,55,40
02.08.2026,05:59:54,53318,1.816465,-0.05,0.15,-0.1,-13.8125,-14.75,205.8125,0,0,0,0,0,0,0,55,40
02.08.2026,05:59:54,53424,1.838967,0.19,0.02,-0.08,-13.8125,-14.75,204.875,0,0,0,0,0,0,0,55,40
02.08.2026,05:59:54,53530,1.838967,0.07,0.14,-0.25,-13.8125,-14.8125,204,0,0,0,0,0,0,0,55,40
02.08.2026,05:59:54,53636,1.849194,-0.02,0.07,-0.06,-13.75,-14.9375,203.0625,0,0,0,0,0,0,0,55,40
02.08.2026,05:59:54,53742,1.865559,-0.21,0,-0.17,-13.75,-15.0625,202.125,0,0,0,0,0,0,0,55,40
02.08.2026,05:59:54,53848,1.873741,-0.18,0.09,-0.08,-13.6875,-15.125,200.875,0,0,0,0,0,0,0,55,40
02.08.2026,05:59:54,53954,1.882946,-0.06,0.02,-0.45,-13.6875,-15.125,200,0,0,0,0,0,0,0,55,40
02.08.2026,05:59:54,54060,1.884992,-0.02,0.08,-0.18,-13.625,-15.0625,199.0625,0,0,0,0,0,0,0,55,40
02.08.2026,05:59:54,54166,1.881924,-0.36,0.04,-0.39,-13.5625,-14.9375,198.125,0,0,0,0,0,0,0,55,40
02.08.2026,05:59:54,54272,1.900334,0.21,0.09,-0.33,-13.5,-14.8125,197.25,0,0,0,0,0,0,0,55,40
02.08.2026,05:59:54,54378,1.907493,0.09,0.1,-0.25,-13.375,-14.6875,196.0625,0,0,0,0,0,0,0,55,40
02.08.2026,05:59:54,54484,1.917721,0.04,0.1,0.05,-13.25,-14.8125,195.1875,0,0,0,0,0,0,0,55,40
02.08.2026,05:59:54,54590,1.905448,-0.25,0.07,-0.09,-13.1875,-14.875,194.25,0,0,0,0,0,0,0,55,40
02.08.2026,05:59:54,54696,1.911584,-0.35,-0.04,-0.2,-13.0625,-14.875,193.3125,0,0,0,0,0,0,0,55,40
02.08.2026,05:59:54,54802,1.927949,-0.11,0.09,-0.23,-12.9375,-14.9375,192.375,0,0,0,0,0,0,0,55,40
02.08.2026,05:59:54,54908,1.943291,-0.1,0.12,-0.32,-12.8125,-15.0625,191.125,0,0,0,0,0,0,0,55,40
02.08.2026,05:59:54,55014,1.941245,-0.37,0.02,-0.33,-12.6875,-15.125,190.1875,0,0,0,0,0,0,0,55,40
02.08.2026,05:59:54,55120,1.935108,0.08,0.11,-0.24,-12.5625,-15.0625,189.375,0,0,0,0,0,0,0,55,40
02.08.2026,05:59:54,55226,1.954541,-0.09,0.05,-0.45,-12.5,-15.0625,188.4375,0,0,0,0,0,0,0,55,40
02.08.2026,05:59:54,55332,1.948405,0.03,0.08,-0.08,-12.3125,-15.0625,187.25,0,0,0,0,0,0,0,55,40
02.08.2026,05:59:54,55438,1.969883,-0.13,0.04,-0.12,-12.125,-15.0625,186.3125,0,0,0,0,0,0,0,55,40
02.08.2026,05:59:54,55544,1.97602,-0.05,0.06,-0.4,-11.9375,-15.0625,185.375,0,0,0,0,0,0,0,55,40
02.08.2026,05:59:54,55650,1.988293,-0.03,0.06,-0.2,-11.6875,-14.9375,184.5,0,0,0,0,0,0,0,55,40
02.08.2026,05:59:54,55756,1.99443,-0.18,0.1,-0.29,-11.5,-14.875,183.5625,0,0,0,0,0,0,0,55,40
02.08.2026,05:59:54,55862,1.99443,-0.3,0.09,-0.35,-11.25,-14.8125,182.375,0,0,0,0,0,0,0,55,40
02.08.2026,05:59:54,55968,1.999544,0.07,0.16,-0.01,-11.0625,-14.8125,181.5625,0,0,0,0,0,0,0,55,40
02.08.2026,05:59:54,56074,2.000566,-0.05,0.11,-0.4,-10.875,-14.8125,180.625,0,0,0,0,0,0,0,55,40
02.08.2026,05:59:54,56180,2.002612,-0.33,0.02,-0.19,-10.625,-14.8125,179.6875,0,0,0,0,0,0,0,55,40
02.08.2026,05:59:54,56286,2.011817,0.07,0.03,-0.01,-10.375,-14.6875,178.6875,0,0,0,0,0,0,0,55,40
02.08.2026,05:59:54,56392,2.004658,0.18,0.03,0.01,-10.0625,-14.5625,177.375,0,0,0,0,0,0,0,55,40
02.08.2026,05:59:54,56498,2.01284,-0.35,0.05,-0.29,-9.75,-14.5,176.375,0,0,0,0,0,0,0,55,40
02.08.2026,05:59:54,56604,1.992384,-0.08,0.11,-0.25,-9.4375,-14.375,175.375,0,0,0,0,0,0,0,55,40
02.08.2026,05:59:54,56710,1.999544,-0.19,0.02,-0.33,-9.1875,-14.4375,174.5,0,0,0,0,0,0,0,55,38.84026
02.08.2026,05:59:54,56816,2.006703,-0.11,0.14,0.03,-8.6875,-14.5625,173.0625,0,0,0,0,0,0,0,55,39.52898
02.08.2026,05:59:54,56922,2.006703,-0.05,0.17,-0.14,-8.375,-14.625,172.1875,0,0,0,0,0,0,0,55,37.32722
02.08.2026,05:59:54,57028,2.010794,0.05,0.1,0.1,-8.0625,-14.6875,171.1875,0,0,0,0,0,0,0,55,37.4665
02.08.2026,05:59:54,57134,2.025113,0,0.03,-0.1,-7.6875,-14.625,170.1875,0,0,0,0,0,0,0,55,36.36253
02.08.2026,05:59:54,57240,2.011817,-0.13,0.05,-0.37,-7.375,-14.5625,169.1875,0,0,0,0,0,0,0,55,33.33855
02.08.2026,05:59:54,57346,1.997498,-0.25,0.05,-0.36,-7,-14.4375,167.8125,0,0,0,0,0,0,0,55,31.66125
02.08.2026,05:59:54,57452,1.992384,0.09,0.12,0,-6.625,-14.3125,166.8125,0,0,0,0,0,0,0,55,32.08289
02.08.2026,05:59:54,57558,1.98727,-0.05,0.03,-0.32,-6.3125,-14.3125,165.875,0,0,0,0,0,0,0,55,30.34423
02.08.2026,05:59:54,57664,1.966815,0.05,0.13,0,-5.9375,-14.3125,164.8125,0,0,0,0,0,0,0,55,30.08176
02.08.2026,05:59:54,57770,1.973974,-0.03,0.15,0.11,-5.625,-14.5,163.75,0,0,0,0,0,0,0,55,27.10669
02.08.2026,05:59:54,57876,1.960678,0.01,0.1,0.07,-5.375,-14.625,162.4375,0,0,0,0,0,0,0,55,28.05335
02.08.2026,05:59:54,57982,1.96886,-0.02,0.04,-0.17,-5.125,-14.625,161.375,0,0,0,0,0,0,0,55,26.07601
02.08.2026,05:59:54,58088,1.953518,0.06,0.15,-0.32,-4.9375,-14.625,160.375,0,0,0,0,0,0,0,55,26.15446
02.08.2026,05:59:54,58194,1.938177,-0.31,0.04,-0.24,-4.75,-14.625,159.375,0,0,0,0,0,0,0,55,23.56401
02.08.2026,05:59:54,58300,1.933063,-0.23,0.05,-0.23,-4.625,-14.6875,158.125,0,0,0,0,0,0,0,55,24.39191
02.08.2026,05:59:54,58406,1.925903,-0.07,0.07,-0.22,-4.625,-14.8125,157.1875,0,0,0,0,0,0,0,55,24.05098
02.08.2026,05:59:54,58512,1.894197,-0.13,0.12,0.07,-4.625,-14.8125,156.375,0,0,0,0,0,0,0,55,20.98264
02.08.2026,05:59:54,58618,1.884992,-0.17,0.09,0,-4.625,-14.9375,155.4375,0,0,0,0,0,0,0,55,21.56562
02.08.2026,05:59:54,58724,1.884992,-0.18,0.09,-0.39,-4.6875,-15,154.5,0,0,0,0,0,0,0,55,21.97073
02.08.2026,05:59:54,58830,1.861468,-0.05,0.1,-0.37,-4.8125,-15,153.3125,0,0,0,0,0,0,0,55,21.69514
02.08.2026,05:59:54,58936,1.856354,0.01,0.18,-0.2,-5,-15,152.375,0,0,0,0,0,0,0,55,24.03729
02.08.2026,05:59:54,59042,1.850217,-0.11,0.09,-0.33,-5.1875,-14.9375,151.5625,0,0,0,0,0,0,0,55,22.60197
02.08.2026,05:59:54,59148,1.831807,0.09,0.13,-0.13,-5.3125,-14.9375,150.75,0,0,0,0,0,0,0,55,23.53607
02.08.2026,05:59:54,59254,1.816465,-0.13,0.13,-0.36,-5.5625,-15,149.8125,0,0,0,0,0,0,0,55,22.69336
02.08.2026,05:59:54,59360,1.800101,-0.14,0.07,-0.08,-5.8125,-14.9375,148.6875,0,0,0,0,0,0,0,55,23.07176
02.08.2026,05:59:54,59466,1.794987,0.11,0.09,0.09,-6,-15,147.75,0,0,0,0,0,0,0,55,23.87972
02.08.2026,05:59:54,59572,1.781691,-0.04,0.15,-0.21,-6.25,-15.1875,146.875,0,0,0,0,0,0,0,55,23.55919
02.08.2026,05:59:54,59678,1.771463,-0.24,0.06,-0.42,-6.4375,-15.1875,146,0,0,0,0,0,0,0,55,24.88878
02.08.2026,05:59:54,59784,1.765326,-0.03,0.09,-0.15,-6.625,-15.0625,145.125,0,0,0,0,0,0,0,55,23.33412
02.08.2026,05:59:54,59890,1.73362,-0.16,0.14,-0.22,-6.9375,-14.875,144,0,0,0,0,0,0,0,55,24.11197
02.08.2026,05:59:54,59996,1.720324,-0.04,0.12,-0.03,-7.0625,-14.75,143.125,0,0,0,0,0,0,0,55,25.10064
02.08.2026,05:59:54,60102,1.714187,-0.01,0.17,-0.3,-7.25,-14.75,142.3125,0,0,0,0,0,0,0,55,25.54041
02.08.2026,05:59:54,60208,1.717255,0.05,0.12,-0.08,-7.375,-14.75,141.375,0,0,0,0,0,0,0,55,25.67617
02.08.2026,05:59:54,60314,1.697822,0.03,0.04,-0.11,-7.5,-14.8125,140.4375,0,0,0,0,0,0,0,55,24.66759
02.08.2026,05:59:54,60420,1.681458,0.03,0.02,-0.04,-7.75,-14.875,139.1875,0,0,0,0,0,0,0,55,26.1233
02.08.2026,05:59:54,60526,1.693731,-0.24,0.1,-0.44,-8,-15,138.1875,0,0,0,0,0,0,0,55,25.55051
02.08.2026,05:59:54,60632,1.685549,-0.01,0.14,-0.13,-8.1875,-15.0625,137.3125,0,0,0,0,0,0,0,55,28.35914
02.08.2026,05:59:54,60738,1.658957,-0.03,0.11,-0.45,-8.4375,-15.125,136.5,0,0,0,0,0,0,0,55,25.54985
02.08.2026,05:59:54,60844,1.623159,0.06,0.11,-0.14,-8.75,-14.9375,135.25,0,0,0,0,0,0,0,55,28.53975
02.08.2026,05:59:54,60950,1.651797,0.04,0.18,-0.21,-8.9375,-14.8125,134.4375,0,0,0,0,0,0,0,55,28.97668
02.08.2026,05:59:54,61056,1.644637,0.03,0.08,0,-9.125,-14.75,133.5625,0,0,0,0,0,0,0,55,28.005
02.08.2026,05:59:54,61162,1.638501,0,0.02,-0.31,-9.25,-14.8125,132.625,0,0,0,0,0,0,0,55,28.99708
02.08.2026,05:59:54,61268,1.619068,-0.24,0.13,-0.42,-9.4375,-14.875,131.6875,0,0,0,0,0,0,0,55,28.88737
02.08.2026,05:59:54,61374,1.637478,-0.08,0.14,-0.5,-9.625,-15,130.4375,0,0,0,0,0,0,0,55,30.91644
02.08.2026,05:59:54,61480,1.632364,0.09,0.14,0.04,-9.75,-15,129.5,0,0,0,0,0,0,0,55,29.26633
02.08.2026,05:59:54,61586,1.621113,-0.08,0.12,-0.35,-9.875,-14.875,128.5625,0,0,0,0,0,0,0,55,29.39586
02.08.2026,05:59:54,61692,1.625205,0.12,0.19,-0.09,-10,-14.8125,127.6875,0,0,0,0,0,0,0,55,29.53163
02.08.2026,05:59:54,61798,1.613954,-0.04,0.05,-0.03,-10.125,-14.6875,126.75,0,0,0,0,0,0,0,55,29.53842
02.08.2026,05:59:54,61904,1.605772,0.04,0.04,-0.12,-10.25,-14.6875,125.4375,0,0,0,0,0,0,0,55,31.04872
02.08.2026,05:59:54,62010,1.626227,-0.15,0.06,-0.42,-10.375,-14.6875,124.4375,0,0,0,0,0,0,0,55,32.86584
02.08.2026,05:59:54,62116,1.618045,0.02,0.15,-0.33,-10.5,-14.8125,123.4375,0,0,0,0,0,0,0,55,30.69411
02.08.2026,05:59:54,62222,1.616,-0.36,0.03,-0.34,-10.625,-14.9375,122.4375,0,0,0,0,0,0,0,55,33.30901
02.08.2026,05:59:54,62328,1.614977,-0.36,0.03,-0.42,-10.75,-14.9375,121.125,0,0,0,0,0,0,0,55,31.92882
02.08.2026,05:59:54,62434,1.595544,0.02,0.14,-0.32,-10.875,-15,120.125,0,0,0,0,0,0,0,55,32.18447
02.08.2026,05:59:54,62540,1.589407,0.01,0.14,0,-11,-15,119.1875,0,0,0,0,0,0,0,55,33.13907
02.08.2026,05:59:54,62646,1.604749,0.09,0.13,-0.03,-11.125,-15.0625,118.1875,0,0,0,0,0,0,0,55,32.71969
02.08.2026,05:59:54,62752,1.59043,0.13,0.06,0.06,-11.25,-15.125,117.25,0,0,0,0,0,0,0,55,34.16862
02.08.2026,05:59:54,62858,1.611908,-0.03,0.1,-0.51,-11.4375,-15.125,116.0625,0,0,0,0,0,0,0,55,34.2061
02.08.2026,05:59:54,62964,1.600658,-0.2,0.09,-0.35,-11.5,-15.0625,115.125,0,0,0,0,0,0,0,55,33.75264
02.08.2026,05:59:54,63070,1.592476,-0.27,0.06,-0.4,-11.5625,-14.9375,114.1875,0,0,0,0,0,0,0,55,34.7686
02.08.2026,05:59:54,63176,1.602703,0.01,0.12,-0.11,-11.625,-14.9375,113.1875,0,0,0,0,0,0,0,55,35.56977
02.08.2026,05:59:54,63282,1.605772,-0.04,0.14,-0.53,-11.75,-14.875,112.3125,0,0,0,0,0,0,0,55,35.14982
02.08.2026,05:59:54,63388,1.609863,-0.01,0.11,-0.06,-11.8125,-14.8125,111.0625,0,0,0,0,0,0,0,55,36.1351
02.08.2026,05:59:54,63494,1.601681,0.12,0.13,-0.06,-11.9375,-14.8125,110.125,0,0,0,0,0,0,0,55,33.43552
02.08.2026,05:59:54,63600,1.611908,0.24,0.07,0,-12,-14.9375,109.1875,0,0,0,0,0,0,0,55,36.87888
02.08.2026,05:59:54,63706,1.605772,-0.03,0.11,-0.29,-12.125,-15,108.25,0,0,0,0,0,0,0,54.75,36.5203
02.08.2026,05:59:54,63812,1.620091,-0.35,0.05,-0.34,-12.1875,-15.125,107.3125,0,0,0,0,0,0,0,51.9375,38.26983
02.08.2026,05:59:54,63918,1.632364,-0.33,-0.02,-0.4,-12.3125,-15.125,106.125,0,0,0,0,0,0,0,49.5,37.3834
02.08.2026,05:59:54,64024,1.621113,0.04,0,-0.06,-12.375,-15.125,105.1875,0,0,0,0,0,0,0,44.625,37.08336
02.08.2026,05:59:54,64130,1.624182,-0.2,0.02,-0.45,-12.4375,-15.0625,104.3125,0,0,0,0,0,0,0,42.15625,38.65163
02.08.2026,05:59:54,64236,1.621113,-0.22,0.03,-0.51,-12.5,-15,103.4375,0,0,0,0,0,0,0,39.6875,39.05391
02.08.2026,05:59:54,64342,1.624182,-0.13,0.05,-0.38,-12.5625,-14.8125,102.1875,0,0,0,0,0,0,0,36.875,38.13681
02.08.2026,05:59:54,64448,1.65282,0.02,0.12,-0.16,-12.625,-14.75,101.25,0,0,0,0,0,0,0,32.96875,40
02.08.2026,05:59:54,64554,1.637478,0.17,0.12,-0.12,-12.6875,-14.75,100.3125,0,0,0,0,0,0,0,30.15625,39.27889
02.08.2026,05:59:54,64660,1.635432,-0.02,0.16,-0.26,-12.6875,-14.875,99.375,0,0,0,0,0,0,0,27.1875,39.98462
02.08.2026,05:59:54,64766,1.643615,0.24,0.04,-0.01,-12.6875,-14.9375,98.5,0,0,0,0,0,0,0,25.5,38.84932
02.08.2026,05:59:54,64872,1.659979,0.11,0.07,0,-12.6875,-15,97.1875,0,0,0,0,0,0,0,22.6875,40
02.08.2026,05:59:54,64978,1.657934,-0.2,0.02,-0.17,-12.6875,-14.9375,96.375,0,0,0,0,0,0,0,20.0625,40
02.08.2026,05:59:54,65084,1.653843,-0.25,0.06,-0.46,-12.625,-14.8125,95.5625,0,0,0,0,0,0,0,16.0625,38.11292
02.08.2026,05:59:54,65190,1.66407,-0.1,0.13,-0.1,-12.625,-14.75,94.75,0,0,0,0,0,0,0,13.78125,40
02.08.2026,05:59:54,65296,1.67123,-0.15,0.04,-0.35,-12.5625,-14.6875,94,0,0,0,0,0,0,0,11.53125,40
02.08.2026,05:59:54,65402,1.669184,0.11,0.05,-0.1,-12.4375,-14.75,93.125,0,0,0,0,0,0,0,8.90625,39.91305
02.08.2026,05:59:54,65508,1.682481,-0.13,0.05,-0.32,-12.4375,-14.875,92.5,0,0,0,0,0,0,0,6.875,40
02.08.2026,05:59:54,65614,1.677367,0.24,0.06,0.02,-12.4375,-15,92.0625,0,0,0,0,0,0,0,5.875,39.38803
02.08.2026,05:59:54,65720,1.68964,0.07,0.06,-0.28,-12.4375,-15.0625,91.5625,0,0,0,0,0,0,0,4.375,38.92778
02.08.2026,05:59:54,65826,1.695777,0.21,0.01,-0.3,-12.5,-15.0625,91.0625,0,0,0,0,0,0,0,3.5625,40
02.08.2026,05:59:54,65932,1.706005,0.02,0.05,-0.3,-12.5,-15.0625,90.8125,0,0,0,0,0,0,0,2.625,40
02.08.2026,05:59:54,66038,1.709073,-0.11,0.01,-0.16,-12.5,-14.9375,90.5625,0,0,0,0,0,0,0,1.875,39.29938
02.08.2026,05:59:54,66144,1.70805,-0.01,0.05,-0.28,-12.4375,-14.9375,90.375,0,0,0,0,0,0,0,0.96875,40
02.08.2026,05:59:54,66250,1.71521,-0.03,0.06,-0.33,-12.4375,-14.9375,90.1875,0,0,0,0,0,0,0,0.5625,40
02.08.2026,05:59:54,66356,1.722369,0,0.1,-0.32,-12.375,-15,90,0,0,0,0,0,0,0,0.1875,39.66079
02.08.2026,05:59:54,66462,1.722369,0.33,0.08,0.01,-12.375,-15.125,89.875,0,0,0,0,0,0,0,-0.1875,40
02.08.2026,05:59:54,66568,1.717255,0.12,0.05,-0.18,-12.375,-15.25,89.8125,0,0,0,0,0,0,0,-0.5625,40
02.08.2026,05:59:54,66674,1.729529,-0.04,0.09,-0.41,-12.3125,-15.375,89.75,0,0,0,0,0,0,0,-0.90625,40
02.08.2026,05:59:54,66780,1.716232,0.17,0.07,-0.21,-12.3125,-15.5,89.75,0,0,0,0,0,0,0,-0.75,39.0744
02.08.2026,05:59:54,66886,1.727483,0.17,0.04,-0.02,-12.25,-15.5,89.6875,0,0,0,0,0,0,0,-0.9375,40
02.08.2026,05:59:54,66992,1.737711,-0.06,0.06,-0.19,-12.25,-15.5625,89.6875,0,0,0,0,0,0,0,-0.9375,40
02.08.2026,05:59:54,67098,1.740779,0.2,0.03,-0.04,-12.25,-15.5,89.75,0,0,0,0,0,0,0,-0.59375,40
02.08.2026,05:59:54,67204,1.724415,-0.03,0.05,-0.23,-12.1875,-15.4375,89.75,0,0,0,0,0,0,0,-0.75,40
02.08.2026,05:59:54,67310,1.749984,0.5,-0.02,-0.2,-12.0625,-15.375,89.75,0,0,0,0,0,0,0,-0.75,40
02.08.2026,05:59:54,67416,1.751007,0.39,0.03,-0.15,-12.0625,-15.375,89.8125,0,0,0,0,0,0,0,-0.5625,40
02.08.2026,05:59:54,67522,1.745893,0.06,0.03,-0.29,-12,-15.4375,89.875,0,0,0,0,0,0,0,-0.375,40
02.08.2026,05:59:54,67628,1.755098,0,0.03,-0.27,-11.9375,-15.5625,89.875,0,0,0,0,0,0,0,-0.375,40
02.08.2026,05:59:54,67734,1.756121,0.06,0.01,-0.15,-11.8125,-15.6875,89.9375,0,0,0,0,0,0,0,-0.1875,38.86027
02.08.2026,05:59:54,67840,1.758167,0.14,0.08,-0.23,-11.6875,-15.8125,90.0625,0,0,0,0,0,0,0,0,40
02.08.2026,05:59:54,67946,1.760212,0.31,0.03,0.03,-11.5625,-15.75,90.1875,0,0,0,0,0,0,0,0.71875,38.88359
02.08.2026,05:59:54,68052,1.786805,0.08,-0.02,-0.1,-11.4375,-15.6875,90.3125,0,0,0,0,0,0,0,1.09375,40
02.08.2026,05:59:54,68158,1.774531,0.24,0.01,0.02,-11.3125,-15.6875,90.4375,0,0,0,0,0,0,0,1.46875,39.75359
02.08.2026,05:59:54,68264,1.772486,0.12,0.07,-0.15,-11.125,-15.625,90.5625,0,0,0,0,0,0,0,1.6875,37.8717
02.08.2026,05:59:54,68370,1.794987,0.19,0.09,-0.1,-11,-15.625,90.75,0,0,0,0,0,0,0,2.25,39.68145
02.08.2026,05:59:54,68476,1.783736,-0.09,0.03,-0.23,-10.875,-15.6875,90.9375,0,0,0,0,0,0,0,2.625,39.67466
02.08.2026,05:59:54,68582,1.787827,0.27,0,-0.06,-10.6875,-15.625,91.0625,0,0,0,0,0,0,0,3.1875,39.29627
02.08.2026,05:59:54,68688,1.759189,0.03,0.03,-0.24,-10.5625,-15.4375,91.1875,0,0,0,0,0,0,0,3.5625,36.88992
02.08.2026,05:59:54,68794,1.792941,0.1,0.02,-0.03,-10.25,-15.375,91.25,0,0,0,0,0,0,0,3.75,37.6741
02.08.2026,05:59:54,68900,1.781691,0.36,-0.08,0.07,-10,-15.5,91.375,0,0,0,0,0,0,0,4.09375,33.1841
02.08.2026,05:59:54,69006,1.777599,0.01,0.02,-0.15,-9.8125,-15.5625,91.375,0,0,0,0,0,0,0,4.125,34.09102
02.08.2026,05:59:54,69112,1.800101,-0.09,0.01,-0.29,-9.625,-15.5625,91.4375,0,0,0,0,0,0,0,4.3125,36.07185
02.08.2026,05:59:54,69218,1.778622,0.16,0.01,0.02,-9.4375,-15.4375,91.4375,0,0,0,0,0,0,0,4.3125,30.87613
02.08.2026,05:59:54,69324,1.767372,0.06,-0.02,0.05,-9.25,-15.0625,91.5,0,0,0,0,0,0,0,4.5,32.67966
02.08.2026,05:59:54,69430,1.754075,0.24,0.01,-0.1,-9.125,-14.8125,91.625,0,0,0,0,0,0,0,4.6875,32.4882
02.08.2026,05:59:54,69536,1.746916,0.24,0.08,0.07,-9,-14.75,91.6875,0,0,0,0,0,0,0,5.21875,33.46045
02.08.2026,05:59:54,69642,1.755098,0.36,-0.01,-0.04,-8.875,-14.875,91.75,0,0,0,0,0,0,0,5.25,31.42854
02.08.2026,05:59:54,69748,1.774531,0.3,0,-0.06,-8.75,-15.1875,91.875,0,0,0,0,0,0,0,5.625,32.21951
02.08.2026,05:59:54,69854,1.758167,-0.16,0.06,-0.26,-8.5625,-15.5625,91.9375,0,0,0,0,0,0,0,5.8125,29.91428
02.08.2026,05:59:54,69960,1.732597,0.01,0.06,-0.2,-8.4375,-15.6875,92.0625,0,0,0,0,0,0,0,6,27.75624
02.08.2026,05:59:54,70066,1.737711,0.2,0.02,0.08,-8.3125,-15.5625,92.125,0,0,0,0,0,0,0,6.375,29.0995
02.08.2026,05:59:54,70172,1.736688,-0.04,0.01,-0.19,-8.1875,-15.375,92.3125,0,0,0,0,0,0,0,7.09375,25.96016
02.08.2026,05:59:54,70278,1.738734,0.21,0.04,-0.01,-8.125,-15.125,92.375,0,0,0,0,0,0,0,7.125,28.65974
02.08.2026,05:59:54,70384,1.753053,0.3,0.01,-0.01,-8,-14.9375,92.5,0,0,0,0,0,0,0,7.5,25.68004
02.08.2026,05:59:54,70490,1.720324,0.08,0,-0.09,-7.9375,-15,92.5625,0,0,0,0,0,0,0,7.6875,25.45846
02.08.2026,05:59:54,70596,1.722369,0.32,0,-0.09,-7.8125,-15.1875,92.5625,0,0,0,0,0,0,0,7.6875,26.58695
02.08.2026,05:59:54,70702,1.698845,0.24,0.04,-0.08,-7.6875,-15.3125,92.625,0,0,0,0,0,0,0,7.875,25.35281
02.08.2026,05:59:54,70808,1.719301,-0.02,0.66,-0.01,-7.625,-14.8125,92.6875,0,0,0,0,0,0,0,8.0625,24.82779
02.08.2026,05:59:54,70914,1.704982,0.07,0.49,-0.21,-7.9375,-11.25,92.875,0,0,0,0,0,0,0,8.4375,26.46761
02.08.2026,05:59:54,71020,1.700891,0.14,0.47,-0.3,-7.9375,-7.75,93.0625,0,0,0,0,0,0,0,9,26.6858
02.08.2026,05:59:54,71126,1.691686,0.34,0.35,-0.34,-8.0625,-5.375,93.1875,0,0,0,0,0,0,0,9.71875,27.88246
02.08.2026,05:59:54,71232,1.703959,0.1,0.21,-0.28,-8.1875,-4.9375,93.0625,0,0,0,0,0,0,0,9.03125,28.41768
02.08.2026,05:59:54,71338,1.695777,0,0.2,-0.22,-8.0625,-6.8125,92.5625,0,0,0,0,0,0,0,7.75,25.77266
02.08.2026,05:59:54,71444,1.682481,-0.05,0.17,-0.16,-7.875,-9.25,92.125,0,0,0,0,0,0,0,6.0625,25.8852
02.08.2026,05:59:54,71550,1.673275,-0.1,0.13,-0.07,-7.625,-11.0625,91.8125,0,0,0,0,0,0,0,5.28125,25.10111
02.08.2026,05:59:54,71656,1.682481,-0.04,0.12,-0.1,-7.4375,-11.625,91.625,0,0,0,0,0,0,0,4.875,25.36707
02.08.2026,05:59:54,71762,1.674298,0.01,0.08,-0.13,-7.4375,-10.9375,91.5625,0,0,0,0,0,0,0,4.6875,24.32666
02.08.2026,05:59:54,71868,1.658957,0.11,0.07,-0.17,-7.5,-9,91.75,0,0,0,0,0,0,0,5.0625,24.14879
02.08.2026,05:59:54,71974,1.659979,0.2,0.05,-0.27,-7.625,-7.6875,91.875,0,0,0,0,0,0,0,5.4375,23.93457
02.08.2026,05:59:54,72080,1.656911,0.18,0.03,-0.3,-7.75,-7.25,91.875,0,0,0,0,0,0,0,5.625,24.58572
02.08.2026,05:59:54,72186,1.644637,0.12,0.02,-0.27,-7.875,-7.6875,91.875,0,0,0,0,0,0,0,5.625,25.51303
02.08.2026,05:59:54,72292,1.639524,0.11,0.02,-0.24,-8.0625,-8.6875,91.875,0,0,0,0,0,0,0,5.625,24.57827
02.08.2026,05:59:54,72398,1.622136,0.02,0,-0.18,-8.375,-10,91.875,0,0,0,0,0,0,0,5.625,25.0186
02.08.2026,05:59:54,72504,1.618045,0.07,0,-0.18,-8.6875,-10.5,91.875,0,0,0,0,0,0,0,5.625,24.97423
02.08.2026,05:59:54,72610,1.599635,0.05,0,-0.21,-9.125,-10.375,91.9375,0,0,0,0,0,0,0,5.96875,27.8328
02.08.2026,05:59:54,72716,1.589407,0.09,-0.02,-0.24,-9.625,-9.6875,92,0,0,0,0,0,0,0,6,28.93391
02.08.2026,05:59:54,72822,1.577134,0.19,-0.03,-0.28,-10.3125,-8.75,92.1875,0,0,0,0,0,0,0,6.375,29.8447
02.08.2026,05:59:54,72928,1.573043,0.17,0.01,-0.3,-10.75,-8.375,92.3125,0,0,0,0,0,0,0,7.09375,31.29352
02.08.2026,05:59:54,73034,1.568951,0.15,-0.03,-0.29,-11.3125,-8.4375,92.3125,0,0,0,0,0,0,0,6.9375,33.78162
02.08.2026,05:59:54,73140,1.556678,0.16,0,-0.3,-11.8125,-8.9375,92.3125,0,0,0,0,0,0,0,6.9375,34.51171
02.08.2026,05:59:54,73246,1.555655,0.13,-0.03,-0.28,-12.375,-9.5625,92.25,0,0,0,0,0,0,0,6.75,36.32194
02.08.2026,05:59:54,73352,1.538268,0.12,-0.09,-0.26,-13.125,-10.1875,92.25,0,0,0,0,0,0,0,6.75,36.89917
02.08.2026,05:59:54,73458,1.532131,0.12,-0.08,-0.25,-13.6875,-10.1875,92.1875,0,0,0,0,0,0,0,6.5625,38.55598
02.08.2026,05:59:54,73564,1.52804,0.18,-0.08,-0.28,-14.3125,-9.8125,92.1875,0,0,0,0,0,0,0,6.5625,40
02.08.2026,05:59:54,73670,1.5352,0.19,-0.06,-0.27,-14.875,-9.4375,92.1875,0,0,0,0,0,0,0,6.5625,40
02.08.2026,05:59:54,73776,1.523949,0.21,-0.07,-0.3,-15.4375,-9.1875,92.1875,0,0,0,0,0,0,0,6.5625,40
02.08.2026,05:59:54,73882,1.511675,0.22,-0.1,-0.29,-16.1875,-9.25,92.125,0,0,0,0,0,0,0,6.375,40
02.08.2026,05:59:54,73988,1.503493,0.22,-0.1,-0.29,-16.75,-9.5,92.125,0,0,0,0,0,0,0,6.375,40
02.08.2026,05:59:54,74094,1.50963,0.17,-0.08,-0.29,-17.25,-9.8125,92.125,0,0,0,0,0,0,0,6.375,40
02.08.2026,05:59:54,74200,1.499402,0.18,-0.1,-0.27,-17.75,-10.125,92.0625,0,0,0,0,0,0,0,6.03125,40
02.08.2026,05:59:54,74306,1.493265,0.16,-0.08,-0.27,-18.3125,-10.125,92.0625,0,0,0,0,0,0,0,6.1875,40
02.08.2026,05:59:54,74412,1.497357,0.18,-0.1,-0.31,-18.6875,-9.9375,92,0,0,0,0,0,0,0,6,40
02.08.2026,05:59:54,74518,1.492243,0.18,-0.11,-0.3,-19,-9.625,91.9375,0,0,0,0,0,0,0,5.8125,40
02.08.2026,05:59:54,74624,1.494288,0.19,-0.11,-0.3,-19.3125,-9.3125,91.875,0,0,0,0,0,0,0,5.625,40
02.08.2026,05:59:54,74730,1.492243,0.19,-0.09,-0.3,-19.5625,-9.1875,91.875,0,0,0,0,0,0,0,5.625,40
02.08.2026,05:59:54,74836,1.493265,0.16,-0.1,-0.28,-19.75,-9.375,91.75,0,0,0,0,0,0,0,5.09375,40
02.08.2026,05:59:54,74942,1.485083,0.14,-0.12,-0.3,-19.875,-9.625,91.625,0,0,0,0,0,0,0,4.875,40
02.08.2026,05:59:54,75048,1.475878,0.13,-0.09,-0.24,-20,-9.8125,91.5,0,0,0,0,0,0,0,4.34375,40
02.08.2026,05:59:54,75154,1.474855,0.14,-0.1,-0.23,-20,-9.875,91.4375,0,0,0,0,0,0,0,4.3125,40
02.08.2026,05:59:54,75260,1.478946,0.15,-0.11,-0.24,-20,-9.8125,91.3125,0,0,0,0,0,0,0,3.78125,40
02.08.2026,05:59:54,75366,1.478946,0.16,-0.12,-0.25,-19.9375,-9.625,91.1875,0,0,0,0,0,0,0,3.5625,40
02.08.2026,05:59:54,75472,1.475878,0.16,-0.12,-0.27,-19.9375,-9.4375,91.125,0,0,0,0,0,0,0,3.375,40
02.08.2026,05:59:54,75578,1.479969,0.18,-0.12,-0.27,-19.9375,-9.4375,91.0625,0,0,0,0,0,0,0,3.1875,40
02.08.2026,05:59:54,75684,1.471787,0.14,-0.15,-0.24,-19.875,-9.5,91,0,0,0,0,0,0,0,3,40
02.08.2026,05:59:54,75790,1.468719,0.17,-0.13,-0.21,-19.8125,-9.625,90.9375,0,0,0,0,0,0,0,2.8125,40
02.08.2026,05:59:54,75896,1.462582,0.18,-0.16,-0.23,-19.75,-9.75,90.9375,0,0,0,0,0,0,0,2.8125,40
02.08.2026,05:59:54,76002,1.46565,0.18,-0.15,-0.24,-19.6875,-9.75,90.9375,0,0,0,0,0,0,0,2.8125,40
02.08.2026,05:59:54,76108,1.458491,0.17,-0.14,-0.24,-19.625,-9.75,90.9375,0,0,0,0,0,0,0,2.8125,40
02.08.2026,05:59:54,76214,1.461559,0.2,-0.16,-0.22,-19.5625,-9.75,90.9375,0,0,0,0,0,0,0,2.8125,40
02.08.2026,05:59:54,76320,1.449286,0.2,-0.15,-0.24,-19.4375,-9.75,90.9375,0,0,0,0,0,0,0,2.8125,40
02.08.2026,05:59:54,76426,1.452354,0.19,-0.18,-0.23,-19.375,-9.75,90.9375,0,0,0,0,0,0,0,2.8125,40
02.08.2026,05:59:54,76532,1.444172,0.21,-0.16,-0.25,-19.3125,-9.75,90.9375,0,0,0,0,0,0,0,2.8125,40
02.08.2026,05:59:54,76638,1.439058,0.19,-0.16,-0.23,-19.1875,-9.75,90.9375,0,0,0,0,0,0,0,2.8125,40
02.08.2026,05:59:54,76744,1.429853,0.19,-0.16,-0.23,-19.125,-9.75,91,0,0,0,0,0,0,0,3,40
02.08.2026,05:59:54,76850,1.424739,0.2,-0.19,-0.22,-19.0625,-9.75,91,0,0,0,0,0,0,0,3,40
02.08.2026,05:59:54,76956,1.419625,0.21,-0.19,-0.24,-19.0625,-9.75,91,0,0,0,0,0,0,0,3,40
02.08.2026,05:59:54,77062,1.415534,0.2,-0.19,-0.19,-19,-9.6875,91,0,0,0,0,0,0,0,3,40
02.08.2026,05:59:54,77168,1.405306,0.18,-0.18,-0.22,-18.9375,-9.625,91,0,0,0,0,0,0,0,3,40
02.08.2026,05:59:54,77274,1.413488,0.17,-0.2,-0.25,-18.875,-9.5625,91,0,0,0,0,0,0,0,3,40
02.08.2026,05:59:54,77380,1.386896,0.14,-0.21,-0.22,-18.8125,-9.5625,91,0,0,0,0,0,0,0,3,40
02.08.2026,05:59:54,77486,1.387919,0.14,-0.21,-0.22,-18.75,-9.5625,91,0,0,0,0,0,0,0,3,40
02.08.2026,05:59:54,77592,1.382805,0.13,-0.22,-0.23,-18.6875,-9.5,91,0,0,0,0,0,0,0,3,40
02.08.2026,05:59:54,77698,1.368486,0.12,-0.21,-0.25,-18.5625,-9.375,91,0,0,0,0,0,0,0,3,40
02.08.2026,05:59:54,77804,1.36644,0.12,-0.23,-0.24,-18.5,-9.3125,91,0,0,0,0,0,0,0,3,40
02.08.2026,05:59:54,77910,1.359281,0.12,-0.23,-0.23,-18.4375,-9.25,91,0,0,0,0,0,0,0,3,40
02.08.2026,05:59:54,78016,1.351098,0.13,-0.23,-0.25,-18.375,-9.25,90.9375,0,0,0,0,0,0,0,3,40
02.08.2026,05:59:54,78122,1.338825,0.13,-0.25,-0.21,-18.3125,-9.25,90.9375,0,0,0,0,0,0,0,2.8125,40
02.08.2026,05:59:54,78228,1.335757,0.1,-0.24,-0.22,-18.25,-9.1875,90.9375,0,0,0,0,0,0,0,2.8125,40
02.08.2026,05:59:54,78334,1.32962,0.09,-0.25,-0.24,-18.0625,-9.1875,90.9375,0,0,0,0,0,0,0,2.8125,40
02.08.2026,05:59:54,78440,1.320415,0.1,-0.26,-0.25,-18,-9.125,90.9375,0,0,0,0,0,0,0,2.8125,40
02.08.2026,05:59:54,78546,1.317346,0.08,-0.27,-0.23,-17.9375,-9.125,90.9375,0,0,0,0,0,0,0,2.8125,40
02.08.2026,05:59:54,78652,1.30405,0.08,-0.26,-0.23,-17.8125,-9.125,90.9375,0,0,0,0,0,0,0,2.8125,40
02.08.2026,05:59:54,78758,1.291777,0.07,-0.25,-0.25,-17.75,-9.0625,90.9375,0,0,0,0,0,0,0,2.8125,40
02.08.2026,05:59:54,78864,1.280526,0.07,-0.25,-0.22,-17.625,-9.0625,90.9375,0,0,0,0,0,0,0,2.8125,40
02.08.2026,05:59:54,78970,1.275412,0.07,-0.26,-0.22,-17.5625,-9.0625,90.9375,0,0,0,0,0,0,0,2.8125,40
02.08.2026,05:59:54,79076,1.26723,0.07,-0.27,-0.23,-17.4375,-9,90.9375,0,0,0,0,0,0,0,2.8125,40
02.08.2026,05:59:54,79182,1.257002,0.07,-0.27,-0.23,-17.375,-9,90.9375,0,0,0,0,0,0,0,2.8125,40
02.08.2026,05:59:54,79288,1.243706,0.07,-0.26,-0.23,-17.25,-9,90.9375,0,0,0,0,0,0,0,2.8125,40
02.08.2026,05:59:54,79394,1.237569,0.05,-0.26,-0.24,-17.1875,-9,90.875,0,0,0,0,0,0,0,2.625,40
02.08.2026,05:59:54,79500,1.221205,0.05,-0.26,-0.24,-17.0625,-9,90.875,0,0,0,0,0,0,0,2.625,39.58157
02.08.2026,05:59:54,79606,1.215068,0.05,-0.25,-0.24,-17,-9,90.875,0,0,0,0,0,0,0,2.625,40
02.08.2026,05:59:54,79712,1.206886,0.05,-0.26,-0.23,-16.9375,-8.9375,90.875,0,0,0,0,0,0,0,2.625,38.65086
02.08.2026,05:59:54,79818,1.189498,0.06,-0.23,-0.21,-16.8125,-8.875,90.875,0,0,0,0,0,0,0,2.625,38.11962
02.08.2026,05:59:54,79924,1.181316,0.05,-0.23,-0.24,-16.75,-8.875,90.875,0,0,0,0,0,0,0,2.625,37.0423
02.08.2026,05:59:54,80030,1.178248,0.06,-0.26,-0.22,-16.625,-8.875,90.875,0,0,0,0,0,0,0,2.625,36.82072
02.08.2026,05:59:54,80136,1.159838,0.05,-0.27,-0.26,-16.5625,-8.875,90.875,0,0,0,0,0,0,0,2.625,35.22176
02.08.2026,05:59:54,80242,1.14961,0.04,-0.26,-0.24,-16.5,-8.875,90.875,0,0,0,0,0,0,0,2.625,35.83488
02.08.2026,05:59:54,80348,1.14961,0.03,-0.24,-0.22,-16.375,-8.875,90.875,0,0,0,0,0,0,0,2.625,35.34054
02.08.2026,05:59:54,80454,1.138359,0.04,-0.25,-0.22,-16.3125,-8.875,90.8125,0,0,0,0,0,0,0,2.4375,34.13709
02.08.2026,05:59:54,80560,1.123017,0.05,-0.26,-0.22,-16.25,-8.875,90.875,0,0,0,0,0,0,0,2.4375,33.70412
02.08.2026,05:59:54,80666,1.11279,0.05,-0.24,-0.21,-16.1875,-8.875,90.9375,0,0,0,0,0,0,0,2.96875,33.70071
02.08.2026,05:59:54,80772,1.096425,0.06,-0.25,-0.24,-16.125,-8.875,91,0,0,0,0,0,0,0,3,33.08365
02.08.2026,05:59:54,80878,1.083129,0.04,-0.24,-0.22,-16,-8.8125,91.125,0,0,0,0,0,0,0,3.1875,32.40521
02.08.2026,05:59:54,80984,1.069833,0.05,-0.24,-0.22,-15.9375,-8.8125,91.1875,0,0,0,0,0,0,0,3.71875,31.94156
02.08.2026,05:59:54,81090,1.064719,0.02,-0.25,-0.23,-15.875,-8.8125,91.25,0,0,0,0,0,0,0,3.75,31.56372
02.08.2026,05:59:54,81196,1.052445,0.03,-0.24,-0.22,-15.8125,-8.8125,91.375,0,0,0,0,0,0,0,4.28125,30.51709
02.08.2026,05:59:54,81302,1.042217,0.05,-0.24,-0.22,-15.75,-8.8125,91.5,0,0,0,0,0,0,0,4.65625,30.57506
02.08.2026,05:59:54,81408,1.026876,0.03,-0.23,-0.23,-15.6875,-8.75,91.625,0,0,0,0,0,0,0,4.6875,29.19373
02.08.2026,05:59:54,81514,1.016648,0.04,-0.26,-0.23,-15.625,-8.75,91.6875,0,0,0,0,0,0,0,5.0625,29.49433
02.08.2026,05:59:54,81620,1.002329,0.04,-0.24,-0.26,-15.5625,-8.75,91.75,0,0,0,0,0,0,0,5.25,28.17155
02.08.2026,05:59:54,81726,0.998238,0.02,-0.28,-0.24,-15.5,-8.75,91.875,0,0,0,0,0,0,0,5.625,27.58516
02.08.2026,05:59:54,81832,0.982896,0.05,-0.25,-0.22,-15.4375,-8.6875,91.9375,0,0,0,0,0,0,0,5.8125,27.61527
02.08.2026,05:59:54,81938,0.967554,0.03,-0.26,-0.25,-15.375,-8.6875,91.9375,0,0,0,0,0,0,0,5.8125,27.33573
02.08.2026,05:59:54,82044,0.953235,0,-0.25,-0.24,-15.25,-8.75,91.9375,0,0,0,0,0,0,0,5.8125,27.17891
02.08.2026,05:59:54,82150,0.941985,0,-0.23,-0.22,-15.1875,-8.75,91.9375,0,0,0,0,0,0,0,5.8125,25.72716
02.08.2026,05:59:54,82256,0.937893,0.02,-0.25,-0.24,-15.125,-8.75,91.9375,0,0,0,0,0,0,0,5.8125,25.08223
02.08.2026,05:59:54,82362,0.915392,0.02,-0.26,-0.24,-15,-8.6875,91.875,0,0,0,0,0,0,0,5.625,24.4038
02.08.2026,05:59:54,82468,0.90721,0.03,-0.24,-0.27,-14.9375,-8.625,91.875,0,0,0,0,0,0,0,5.625,24.46176
02.08.2026,05:59:54,82574,0.891868,0.01,-0.25,-0.24,-14.875,-8.625,91.875,0,0,0,0,0,0,0,5.625,22.46054
02.08.2026,05:59:54,82680,0.877549,0.02,-0.23,-0.22,-14.8125,-8.625,91.75,0,0,0,0,0,0,0,5.09375,22.39577
02.08.2026,05:59:54,82786,0.865276,0.03,-0.22,-0.24,-14.75,-8.6875,91.6875,0,0,0,0,0,0,0,5.0625,22.11622
02.08.2026,05:59:54,82892,0.862207,0.01,-0.23,-0.24,-14.625,-8.6875,91.625,0,0,0,0,0,0,0,4.875,21.64917
02.08.2026,05:59:54,82998,0.840729,0.02,-0.2,-0.22,-14.5625,-8.6875,91.5,0,0,0,0,0,0,0,4.6875,20.17296
02.08.2026,05:59:54,83104,0.835615,0,-0.21,-0.24,-14.5,-8.6875,91.4375,0,0,0,0,0,0,0,4.3125,20.44572
02.08.2026,05:59:54,83210,0.823342,-0.01,-0.19,-0.24,-14.4375,-8.625,91.375,0,0,0,0,0,0,0,4.125,20.13548
02.08.2026,05:59:54,83316,0.809023,0.01,-0.2,-0.26,-14.3125,-8.5,91.25,0,0,0,0,0,0,0,3.59375,19.64114
02.08.2026,05:59:54,83422,0.793681,0.02,-0.2,-0.26,-14.25,-8.4375,91.125,0,0,0,0,0,0,0,3.5625,18.01152
02.08.2026,05:59:54,83528,0.780385,0,-0.19,-0.25,-14.1875,-8.4375,91.0625,0,0,0,0,0,0,0,3.1875,17.75925
02.08.2026,05:59:54,83634,0.774248,0,-0.17,-0.25,-14.125,-8.4375,90.9375,0,0,0,0,0,0,0,2.8125,16.49783
02.08.2026,05:59:54,83740,0.766066,-0.01,-0.18,-0.25,-14.0625,-8.4375,90.8125,0,0,0,0,0,0,0,2.28125,16.31033
02.08.2026,05:59:54,83846,0.750724,-0.03,-0.19,-0.26,-14,-8.5,90.6875,0,0,0,0,0,0,0,2.0625,15.44779
02.08.2026,05:59:54,83952,0.733337,-0.01,-0.18,-0.27,-13.9375,-8.5625,90.5625,0,0,0,0,0,0,0,1.6875,15.59781
02.08.2026,05:59:54,84058,0.725154,-0.03,-0.16,-0.24,-13.875,-8.5,90.4375,0,0,0,0,0,0,0,1.3125,14.88869
02.08.2026,05:59:54,84164,0.702653,-0.04,-0.16,-0.26,-13.875,-8.375,90.25,0,0,0,0,0,0,0,0.59375,14.45912
02.08.2026,05:59:54,84270,0.689357,-0.02,-0.18,-0.25,-13.8125,-8.25,90.125,0,0,0,0,0,0,0,0.375,14.63982
02.08.2026,05:59:54,84376,0.685266,-0.02,-0.15,-0.27,-13.8125,-8.1875,89.9375,0,0,0,0,0,0,0,-0.1875,13.75
02.08.2026,05:59:54,84482,0.669924,-0.02,-0.15,-0.26,-13.8125,-8.1875,89.75,0,0,0,0,0,0,0,-0.90625,13.28975
02.08.2026,05:59:54,84588,0.650491,-0.05,-0.18,-0.26,-13.8125,-8.25,89.5625,0,0,0,0,0,0,0,-1.46875,12.52266
02.08.2026,05:59:54,84694,0.6464,-0.08,-0.18,-0.27,-13.875,-8.25,89.4375,0,0,0,0,0,0,0,-1.84375,13.23178
02.08.2026,05:59:54,84800,0.637195,-0.06,-0.22,-0.26,-13.9375,-8.25,89.25,0,0,0,0,0,0,0,-2.0625,12.65219
02.08.2026,05:59:54,84906,0.617762,-0.07,-0.21,-0.23,-14,-8.25,89.125,0,0,0,0,0,0,0,-2.625,12.37944
02.08.2026,05:59:54,85012,0.60958,-0.08,-0.17,-0.23,-14.125,-8.125,89,0,0,0,0,0,0,0,-3,12.38906
02.08.2026,05:59:54,85118,0.593215,-0.05,-0.2,-0.25,-14.1875,-8.0625,88.875,0,0,0,0,0,0,0,-3.53125,12.23621
02.08.2026,05:59:54,85224,0.58401,-0.06,-0.23,-0.26,-14.25,-8,88.8125,0,0,0,0,0,0,0,-3.5625,11.77936
02.08.2026,05:59:54,85330,0.5656,-0.05,-0.21,-0.25,-14.25,-8.0625,88.6875,0,0,0,0,0,0,0,-3.9375,12.27029
02.08.2026,05:59:54,85436,0.563554,-0.05,-0.2,-0.27,-14.25,-8.125,88.625,0,0,0,0,0,0,0,-3.9375,11.19637
02.08.2026,05:59:54,85542,0.548213,-0.04,-0.19,-0.26,-14.25,-8.1875,88.625,0,0,0,0,0,0,0,-4.125,10.36792
02.08.2026,05:59:54,85648,0.535939,-0.05,-0.19,-0.25,-14.25,-8.1875,88.625,0,0,0,0,0,0,0,-4.125,10.45997
02.08.2026,05:59:54,85754,0.517529,-0.06,-0.16,-0.26,-14.1875,-8.25,88.625,0,0,0,0,0,0,0,-4.125,9.655968
02.08.2026,05:59:54,85860,0.507301,-0.04,-0.17,-0.25,-14.125,-8.3125,88.5625,0,0,0,0,0,0,0,-4.3125,9.996319
02.08.2026,05:59:54,85966,0.488891,-0.01,-0.16,-0.25,-14.125,-8.3125,88.625,0,0,0,0,0,0,0,-4.125,9.594032
02.08.2026,05:59:54,86072,0.478663,-0.02,-0.15,-0.25,-14.0625,-8.3125,88.625,0,0,0,0,0,0,0,-4.125,8.578079
02.08.2026,05:59:54,86178,0.472526,-0.01,-0.15,-0.26,-14.0625,-8.3125,88.625,0,0,0,0,0,0,0,-4.125,7.995087
02.08.2026,05:59:54,86284,0.451048,-0.03,-0.15,-0.26,-14.0625,-8.3125,88.6875,0,0,0,0,0,0,0,-4.125,7.074585
02.08.2026,05:59:54,86390,0.433661,-0.04,-0.18,-0.26,-14.0625,-8.3125,88.6875,0,0,0,0,0,0,0,-3.9375,7.534836
02.08.2026,05:59:54,86496,0.428547,-0.09,0.25,0,-14.0625,-8.3125,88.75,0,0,0,0,0,0,0,-3.75,7.289368
02.08.2026,05:59:54,86602,0.412182,-0.05,-0.15,-0.21,-14,-8.3125,88.75,0,0,0,0,0,0,0,-3.75,5.843842
02.08.2026,05:59:54,86708,0.401954,-0.04,-0.18,-0.27,-14,-8.3125,88.75,0,0,0,0,0,0,0,-3.75,5.905212
02.08.2026,05:59:54,86814,0.38559,-0.01,-0.14,-0.24,-13.9375,-8.375,88.8125,0,0,0,0,0,0,0,-3.5625,4.643787
02.08.2026,05:59:54,86920,0.382521,-0.01,-0.16,-0.26,-13.875,-8.375,88.8125,0,0,0,0,0,0,0,-3.5625,4.671074
02.08.2026,05:59:54,87026,0.361043,0,-0.14,-0.26,-13.875,-8.375,88.875,0,0,0,0,0,0,0,-3.375,3.597149
02.08.2026,05:59:54,87132,0.349792,-0.01,-0.16,-0.25,-13.8125,-8.375,88.9375,0,0,0,0,0,0,0,-3.03125,3.869904
02.08.2026,05:59:54,87238,0.333428,-0.02,-0.12,-0.32,-13.8125,-8.375,88.9375,0,0,0,0,0,0,0,-3.03125,3.194862
02.08.2026,05:59:54,87344,0.336496,0.02,-0.13,-0.3,-13.75,-8.4375,88.9375,0,0,0,0,0,0,0,-3.1875,2.820427
02.08.2026,05:59:54,87450,0.31604,-0.05,-0.12,-0.24,-13.75,-8.375,88.875,0,0,0,0,0,0,0,-3.375,2.117538
02.08.2026,05:59:54,87556,0.298653,-0.03,-0.1,-0.29,-13.75,-8.375,88.875,0,0,0,0,0,0,0,-3.375,2.086857
02.08.2026,05:59:54,87662,0.294562,-0.02,-0.11,-0.28,-13.75,-8.3125,88.875,0,0,0,0,0,0,0,-3.375,1.381138
02.08.2026,05:59:54,87768,0.268992,-0.15,-0.39,-0.25,-13.75,-8.3125,88.875,0,0,0,0,0,0,0,-3.375,1.381134
02.08.2026,05:59:54,87874,0.258764,0,-0.09,-0.28,-13.75,-8.3125,88.9375,0,0,0,0,0,0,0,-3.1875,0.184479
02.08.2026,05:59:54,87980,0.250582,-0.01,-0.1,-0.32,-13.75,-8.375,88.9375,0,0,0,0,0,0,0,-3.1875,1.10498
02.08.2026,05:59:54,88086,0.240354,-0.01,-0.11,-0.31,-13.6875,-8.3125,89,0,0,0,0,0,0,0,-2.84375,0.764069
02.08.2026,05:59:54,88192,0.231149,-0.04,-0.11,-0.3,-13.625,-8.3125,89.0625,0,0,0,0,0,0,0,-2.65625,-0.098473
02.08.2026,05:59:54,88298,0.217853,-0.01,-0.13,-0.28,-13.5625,-8.3125,89.125,0,0,0,0,0,0,0,-2.625,-0.810425
02.08.2026,05:59:54,88404,0.204557,-0.01,-0.11,-0.29,-13.4375,-8.3125,89.25,0,0,0,0,0,0,0,-2.25,-1.765015
02.08.2026,05:59:54,88510,0.206602,-0.01,-0.1,-0.3,-13.375,-8.3125,89.375,0,0,0,0,0,0,0,-1.71875,-1.587708
02.08.2026,05:59:54,88616,0.177965,0,-0.09,-0.31,-13.25,-8.25,89.5,0,0,0,0,0,0,0,-1.34375,-4.199768
02.08.2026,05:59:54,88722,0.177965,0,-0.09,-0.34,-13.0625,-8.1875,89.625,0,0,0,0,0,0,0,-1.125,-4.304855
02.08.2026,05:59:54,88828,0.172851,0.02,-0.09,-0.4,-12.75,-8.1875,89.8125,0,0,0,0,0,0,0,-0.75,-4.840065
02.08.2026,05:59:54,88934,0.173873,0,-0.07,-0.46,-12.3125,-8.25,90.0625,0,0,0,0,0,0,0,-0.1875,-6.391808
02.08.2026,05:59:54,89040,0.164668,0,-0.11,-0.58,-11.8125,-8.3125,90.375,0,0,0,0,0,0,0,0.75,-7.707703
02.08.2026,05:59:54,89146,0.162623,0,-0.17,-0.65,-11.25,-8.25,90.75,0,0,0,0,0,0,0,2.71875,-8.8395
02.08.2026,05:59:54,89252,0.168759,0.05,-0.15,-0.55,-10.9375,-8.125,91.125,0,0,0,0,0,0,0,3.84375,-10.37302
02.08.2026,05:59:54,89358,0.175919,0.07,-0.13,-0.32,-11.0625,-8.0625,91.5625,0,0,0,0,0,0,0,4.625,-9.044563
02.08.2026,05:59:54,89464,0.18001,0.04,-0.07,-0.14,-11.3125,-8.1875,91.875,0,0,0,0,0,0,0,5.9375,-8.138313
02.08.2026,05:59:54,89570,0.186147,0.02,-0.07,-0.1,-11.5625,-8.5,92.1875,0,0,0,0,0,0,0,6.875,-7.878685
02.08.2026,05:59:54,89676,0.191261,-0.02,-0.09,-0.1,-11.625,-8.75,92.4375,0,0,0,0,0,0,0,7.46875,-7.601967
02.08.2026,05:59:54,89782,0.19842,0,-0.1,-0.17,-11.6875,-8.8125,92.75,0,0,0,0,0,0,0,8.5625,-7.199677
02.08.2026,05:59:54,89888,0.197397,0.02,-0.09,-0.22,-11.75,-8.5625,93.0625,0,0,0,0,0,0,0,9,-6.705345
02.08.2026,05:59:54,89994,0.194329,0.03,-0.09,-0.22,-11.75,-8.3125,93.3125,0,0,0,0,0,0,0,10.09375,-6.459877
02.08.2026,05:59:54,90100,0.204557,0.01,-0.09,-0.17,-11.8125,-8.0625,93.5,0,0,0,0,0,0,0,10.65625,-6.48716
02.08.2026,05:59:54,90206,0.207625,0.02,-0.11,-0.19,-11.8125,-8,93.6875,0,0,0,0,0,0,0,11.0625,-6.241692
02.08.2026,05:59:54,90312,0.210694,0,-0.12,-0.21,-11.8125,-8.0625,93.8125,0,0,0,0,0,0,0,11.4375,-6.364426
02.08.2026,05:59:54,90418,0.215808,0,-0.14,-0.21,-11.8125,-8.25,93.9375,0,0,0,0,0,0,0,11.625,-5.658707
02.08.2026,05:59:54,90524,0.208648,-0.03,-0.14,-0.18,-11.875,-8.5,94,0,0,0,0,0,0,0,12.15625,-5.900772
02.08.2026,05:59:54,90630,0.204557,-0.02,-0.13,-0.17,-11.875,-8.5625,94.0625,0,0,0,0,0,0,0,12.1875,-6.483757
02.08.2026,05:59:54,90736,0.201489,-0.01,-0.11,-0.19,-12,-8.5,94.125,0,0,0,0,0,0,0,12.375,-5.584312
02.08.2026,05:59:54,90842,0.211716,-0.02,-0.14,-0.19,-12.125,-8.25,94.3125,0,0,0,0,0,0,0,13.09375,-5.792297
02.08.2026,05:59:54,90948,0.202511,-0.01,-0.16,-0.19,-12.25,-8,94.375,0,0,0,0,0,0,0,13.125,-6.190613
02.08.2026,05:59:54,91054,0.200466,0,-0.18,-0.21,-12.3125,-7.875,94.5,0,0,0,0,0,0,0,13.65625,-5.079208
02.08.2026,05:59:54,91160,0.192283,0,-0.15,-0.22,-12.3125,-7.875,94.625,0,0,0,0,0,0,0,14.03125,-5.324684
02.08.2026,05:59:54,91266,0.193306,-0.03,-0.14,-0.22,-12.3125,-8,94.75,0,0,0,0,0,0,0,14.25,-5.109894
02.08.2026,05:59:54,91372,0.188192,-0.04,-0.15,-0.19,-12.375,-8.1875,94.9375,0,0,0,0,0,0,0,14.625,-5.781532
02.08.2026,05:59:54,91478,0.18717,-0.03,-0.16,-0.23,-12.375,-8.3125,95.125,0,0,0,0,0,0,0,15.1875,-4.891708
02.08.2026,05:59:54,91584,0.176942,-0.02,-0.17,-0.21,-12.4375,-8.3125,95.375,0,0,0,0,0,0,0,16.4375,-5.532669
02.08.2026,05:59:54,91690,0.178987,0,-0.17,-0.23,-12.4375,-8.25,95.5625,0,0,0,0,0,0,0,16.84375,-5.409927
02.08.2026,05:59:54,91796,0.167737,0,-0.17,-0.3,-12.375,-8.125,95.875,0,0,0,0,0,0,0,17.59375,-6.054291
02.08.2026,05:59:54,91902,0.169782,0,-0.2,-0.39,-12.25,-8.0625,96.125,0,0,0,0,0,0,0,18.34375,-6.153137
02.08.2026,05:59:54,92008,0.171828,0.01,-0.24,-0.48,-12.0625,-8.0625,96.375,0,0,0,0,0,0,0,19.28125,-6.50708
02.08.2026,05:59:54,92114,0.169782,0.02,-0.21,-0.46,-11.9375,-8.125,96.5625,0,0,0,0,0,0,0,19.84375,-6.848564
02.08.2026,05:59:54,92220,0.172851,0.01,-0.2,-0.36,-11.9375,-8.1875,96.8125,0,0,0,0,0,0,0,20.75,-6.661629
02.08.2026,05:59:54,92326,0.172851,-0.02,-0.15,-0.23,-12.125,-8.375,97,0,0,0,0,0,0,0,20.8125,-6.654831
02.08.2026,05:59:54,92432,0.178987,-0.01,-0.15,-0.14,-12.25,-8.4375,97.1875,0,0,0,0,0,0,0,21.375,-5.699684
02.08.2026,05:59:54,92538,0.174896,-0.03,-0.15,-0.16,-12.3125,-8.4375,97.3125,0,0,0,0,0,0,0,21.75,-6.183815
02.08.2026,05:59:54,92644,0.18001,-0.02,-0.12,-0.13,-12.3125,-8.375,97.4375,0,0,0,0,0,0,0,22.3125,-4.803062
02.08.2026,05:59:54,92750,0.18717,0,-0.14,-0.17,-12.3125,-8.25,97.5625,0,0,0,0,0,0,0,22.6875,-5.017845
02.08.2026,05:59:54,92856,0.18717,0,-0.14,-0.21,-12.3125,-8.0625,97.75,0,0,0,0,0,0,0,23.0625,-6.00312
02.08.2026,05:59:54,92962,0.186147,-0.01,-0.13,-0.23,-12.375,-8.0625,97.8125,0,0,0,0,0,0,0,23.59375,-6.459969
02.08.2026,05:59:54,93068,0.181033,0,-0.14,-0.23,-12.4375,-8.1875,97.875,0,0,0,0,0,0,0,23.78125,-5.103096
02.08.2026,05:59:54,93174,0.178987,0,-0.13,-0.22,-12.4375,-8.3125,97.875,0,0,0,0,0,0,0,23.625,-5.624718
02.08.2026,05:59:54,93280,0.188192,-0.02,-0.12,-0.18,-12.4375,-8.5,98,0,0,0,0,0,0,0,24.15625,-4.489426
02.08.2026,05:59:54,93386,0.184101,-0.05,-0.14,-0.2,-12.5,-8.4375,98.0625,0,0,0,0,0,0,0,24.1875,-5.287201
02.08.2026,05:59:54,93492,0.181033,0.02,-0.16,-0.19,-12.5,-8.3125,98.125,0,0,0,0,0,0,0,24.375,-5.713371
02.08.2026,05:59:54,93598,0.188192,0,-0.16,-0.18,-12.5,-8.1875,98.125,0,0,0,0,0,0,0,24.375,-5.345161
02.08.2026,05:59:54,93704,0.177965,0,-0.18,-0.22,-12.5,-8.0625,98.125,0,0,0,0,0,0,0,24.375,-5.498581
02.08.2026,05:59:54,93810,0.172851,0,-0.19,-0.22,-12.4375,-8.0625,98.125,0,0,0,0,0,0,0,24.375,-6.084969
02.08.2026,05:59:54,93916,0.174896,0,-0.19,-0.29,-12.3125,-8.1875,98.1875,0,0,0,0,0,0,0,24.5625,-5.781532
02.08.2026,05:59:54,94022,0.174896,0,-0.2,-0.33,-12.1875,-8.375,98.1875,0,0,0,0,0,0,0,24.5625,-6.248581
02.08.2026,05:59:54,94128,0.169782,0,-0.22,-0.35,-12,-8.4375,98.1875,0,0,0,0,0,0,0,24.5625,-7.277573
02.08.2026,05:59:54,94234,0.170805,0,-0.21,-0.34,-11.8125,-8.5,98.1875,0,0,0,0,0,0,0,24.5625,-7.349129
02.08.2026,05:59:54,94340,0.173873,0.02,-0.21,-0.32,-11.75,-8.3125,98.1875,0,0,0,0,0,0,0,24.5625,-7.902
02.08.2026,05:59:54,94446,0.173873,0,-0.16,-0.26,-11.875,-8.1875,98.1875,0,0,0,0,0,0,0,24.5625,-6.729797
02.08.2026,05:59:54,94552,0.172851,0,-0.15,-0.19,-12,-8.125,98.1875,0,0,0,0,0,0,0,24.5625,-6.811653
02.08.2026,05:59:54,94658,0.182056,0.01,-0.13,-0.2,-12.125,-8.1875,98.125,0,0,0,0,0,0,0,24.375,-5.915031
02.08.2026,05:59:54,94764,0.183078,0,-0.14,-0.18,-12.1875,-8.3125,98.125,0,0,0,0,0,0,0,24.375,-6.279839
02.08.2026,05:59:54,94870,0.175919,-0.01,-0.13,-0.16,-12.125,-8.4375,98.125,0,0,0,0,0,0,0,24.375,-6.777
02.08.2026,05:59:54,94976,0.175919,-0.01,-0.14,-0.16,-12.125,-8.5,98.125,0,0,0,0,0,0,0,24.375,-6.899734
02.08.2026,05:59:54,95082,0.18001,-0.01,-0.15,-0.19,-12.0625,-8.4375,98.125,0,0,0,0,0,0,0,24.375,-6.166733
02.08.2026,05:59:54,95188,0.175919,-0.01,-0.16,-0.21,-12.0625,-8.3125,98.125,0,0,0,0,0,0,0,24.375,-6.197418
02.08.2026,05:59:54,95294,0.176942,0,-0.17,-0.22,-12,-8.1875,98.125,0,0,0,0,0,0,0,24.375,-6.354233
02.08.2026,05:59:54,95400,0.18001,0,-0.15,-0.23,-12,-8.125,98.125,0,0,0,0,0,0,0,24.375,-6.599693
02.08.2026,05:59:54,95506,0.172851,0,-0.18,-0.26,-11.9375,-8.125,98.125,0,0,0,0,0,0,0,24.375,-7.155403
02.08.2026,05:59:54,95612,0.167737,0,-0.19,-0.25,-11.875,-8.25,98.125,0,0,0,0,0,0,0,24.375,-6.545128
02.08.2026,05:59:54,95718,0.175919,0,-0.2,-0.29,-11.8125,-8.375,98.125,0,0,0,0,0,0,0,24.375,-6.855362
02.08.2026,05:59:54,95824,0.170805,0,-0.19,-0.31,-11.8125,-8.4375,98.125,0,0,0,0,0,0,0,24.375,-7.008781
02.08.2026,05:59:54,95930,0.169782,0,-0.19,-0.31,-11.9375,-8.375,98.125,0,0,0,0,0,0,0,24.375,-7.833839
02.08.2026,05:59:54,96036,0.175919,0,-0.19,-0.27,-12.0625,-8.3125,98.0625,0,0,0,0,0,0,0,24.1875,-6.378685
02.08.2026,05:59:54,96142,0.178987,0,-0.17,-0.25,-12.125,-8.25,98.0625,0,0,0,0,0,0,0,24.1875,-6.470169
02.08.2026,05:59:54,96248,0.176942,0.02,-0.14,-0.24,-12.1875,-8.25,98.0625,0,0,0,0,0,0,0,24.1875,-6.436089
02.08.2026,05:59:54,96354,0.175919,0,-0.14,-0.19,-12.1875,-8.25,98.0625,0,0,0,0,0,0,0,24.1875,-6.037193
02.08.2026,05:59:54,96460,0.178987,0,-0.14,-0.2,-12.1875,-8.375,98.0625,0,0,0,0,0,0,0,24.1875,-5.239426
02.08.2026,05:59:54,96566,0.178987,-0.01,-0.15,-0.18,-12.125,-8.375,98.0625,0,0,0,0,0,0,0,24.1875,-5.611031
02.08.2026,05:59:54,96672,0.183078,-0.03,-0.14,-0.2,-12.0625,-8.4375,98.0625,0,0,0,0,0,0,0,24.1875,-6.074684
02.08.2026,05:59:54,96778,0.175919,-0.03,-0.17,-0.19,-11.9375,-8.4375,98,0,0,0,0,0,0,0,24,-6.912766
02.08.2026,05:59:54,96884,0.182056,0,-0.15,-0.23,-11.8125,-8.3125,97.9375,0,0,0,0,0,0,0,23.8125,-6.888878
02.08.2026,05:59:54,96990,0.173873,0,-0.17,-0.24,-11.75,-8.1875,97.9375,0,0,0,0,0,0,0,23.8125,-8.239517
02.08.2026,05:59:54,97096,0.182056,0,-0.18,-0.27,-11.75,-8.125,97.9375,0,0,0,0,0,0,0,23.8125,-7.349693
02.08.2026,05:59:54,97202,0.182056,0,-0.2,-0.3,-11.6875,-8.125,97.9375,0,0,0,0,0,0,0,23.8125,-7.751984
02.08.2026,05:59:54,97308,0.175919,0,-0.18,-0.29,-11.75,-8.25,97.9375,0,0,0,0,0,0,0,23.8125,-7.13208
02.08.2026,05:59:54,97414,0.173873,0,-0.18,-0.26,-11.875,-8.375,97.9375,0,0,0,0,0,0,0,23.8125,-7.312218
02.08.2026,05:59:54,97520,0.173873,0,-0.18,-0.26,-12.0625,-8.375,97.875,0,0,0,0,0,0,0,23.625,-7.090637
02.08.2026,05:59:54,97626,0.174896,-0.01,-0.16,-0.24,-12.1875,-8.4375,97.875,0,0,0,0,0,0,0,23.625,-6.132652
02.08.2026,05:59:54,97732,0.175919,0,-0.17,-0.23,-12.25,-8.375,97.875,0,0,0,0,0,0,0,23.625,-6.429848
02.08.2026,05:59:54,97838,0.175919,0,-0.15,-0.18,-12.1875,-8.25,97.875,0,0,0,0,0,0,0,23.625,-5.947983
02.08.2026,05:59:54,97944,0.181033,0,-0.13,-0.22,-12.1875,-8.1875,97.875,0,0,0,0,0,0,0,23.625,-5.945145
02.08.2026,05:59:54,98050,0.186147,0,-0.17,-0.22,-12.125,-8.1875,97.8125,0,0,0,0,0,0,0,23.28125,-6.654266
02.08.2026,05:59:54,98156,0.18001,0,-0.17,-0.19,-12,-8.25,97.8125,0,0,0,0,0,0,0,23.4375,-6.967903
02.08.2026,05:59:54,98262,0.178987,0,-0.16,-0.2,-11.875,-8.3125,97.75,0,0,0,0,0,0,0,23.25,-7.619049
02.08.2026,05:59:54,98368,0.182056,-0.01,-0.17,-0.21,-11.75,-8.375,97.6875,0,0,0,0,0,0,0,23.0625,-7.625854
02.08.2026,05:59:54,98474,0.18001,-0.03,-0.19,-0.25,-11.75,-8.375,97.6875,0,0,0,0,0,0,0,23.0625,-7.472435
02.08.2026,05:59:54,98580,0.173873,-0.01,-0.18,-0.23,-11.75,-8.3125,97.6875,0,0,0,0,0,0,0,23.0625,-8.208832
02.08.2026,05:59:54,98686,0.176942,-0.01,-0.19,-0.28,-11.8125,-8.1875,97.6875,0,0,0,0,0,0,0,23.0625,-7.070145
02.08.2026,05:59:54,98792,0.169782,-0.01,-0.17,-0.24,-11.875,-8.0625,97.6875,0,0,0,0,0,0,0,23.0625,-6.790596
02.08.2026,05:59:54,98898,0.170805,0,-0.19,-0.27,-12,-8.0625,97.6875,0,0,0,0,0,0,0,23.0625,-6.354233
02.08.2026,05:59:54,99004,0.178987,0,-0.18,-0.26,-12.125,-8.1875,97.625,0,0,0,0,0,0,0,22.71875,-6.688354
02.08.2026,05:59:54,99110,0.172851,-0.02,-0.18,-0.24,-12.1875,-8.3125,97.625,0,0,0,0,0,0,0,22.875,-5.911629
02.08.2026,05:59:54,99216,0.173873,0,-0.16,-0.24,-12.1875,-8.4375,97.625,0,0,0,0,0,0,0,22.875,-6.313354
02.08.2026,05:59:54,99322,0.18001,-0.01,-0.16,-0.2,-12.125,-8.4375,97.625,0,0,0,0,0,0,0,22.875,-6.135483
02.08.2026,05:59:54,99428,0.173873,0,-0.14,-0.21,-12.125,-8.375,97.625,0,0,0,0,0,0,0,22.875,-6.009918
02.08.2026,05:59:54,99534,0.176942,0,-0.16,-0.2,-12,-8.25,97.625,0,0,0,0,0,0,0,22.875,-6.878677
02.08.2026,05:59:54,99640,0.176942,-0.01,-0.17,-0.22,-11.9375,-8.125,97.5625,0,0,0,0,0,0,0,22.53125,-6.418999
02.08.2026,05:59:54,99746,0.18001,0,-0.19,-0.23,-11.8125,-8.125,97.5625,0,0,0,0,0,0,0,22.6875,-7.287766
02.08.2026,05:59:54,99852,0.178987,-0.02,-0.17,-0.23,-11.8125,-8.1875,97.5625,0,0,0,0,0,0,0,22.6875,-7.438354
02.08.2026,05:59:54,99958,0.174896,-0.02,-0.19,-0.23,-11.8125,-8.3125,97.5625,0,0,0,0,0,0,0,22.6875,-7.10083
02.08.2026,05:59:54,100064,0.175919,-0.01,-0.21,-0.25,-11.875,-8.375,97.5625,0,0,0,0,0,0,0,22.6875,-6.671265
02.08.2026,05:59:54,100170,0.182056,-0.03,-0.21,-0.23,-11.9375,-8.375,97.5625,0,0,0,0,0,0,0,22.6875,-6.201378
02.08.2026,05:59:54,100276,0.172851,-0.03,-0.2,-0.24,-12,-8.375,97.5625,0,0,0,0,0,0,0,22.6875,-6.69175
02.08.2026,05:59:54,100382,0.171828,0,-0.18,-0.26,-12.0625,-8.1875,97.5,0,0,0,0,0,0,0,22.5,-7.700905
02.08.2026,05:59:54,100488,0.174896,0,-0.16,-0.26,-12.125,-8.125,97.5,0,0,0,0,0,0,0,22.5,-6.009911
02.08.2026,05:59:54,100594,0.173873,0,-0.17,-0.24,-12.125,-8.125,97.5,0,0,0,0,0,0,0,22.5,-6.16333
02.08.2026,05:59:54,100700,0.166714,-0.02,-0.15,-0.25,-12.125,-8.125,97.5,0,0,0,0,0,0,0,22.5,-6.040588
02.08.2026,05:59:54,100806,0.178987,-0.01,-0.15,-0.2,-12,-8.3125,97.375,0,0,0,0,0,0,0,22.3125,-6.534927
02.08.2026,05:59:54,100912,0.184101,-0.01,-0.14,-0.22,-12,-8.375,97.3125,0,0,0,0,0,0,0,21.9375,-5.617828
02.08.2026,05:59:54,101018,0.178987,-0.02,-0.16,-0.23,-11.875,-8.375,97.25,0,0,0,0,0,0,0,21.75,-7.005386
02.08.2026,05:59:54,101124,0.173873,-0.02,-0.18,-0.24,-11.8125,-8.375,97.25,0,0,0,0,0,0,0,21.75,-7.653137
02.08.2026,05:59:54,101230,0.18001,0,-0.19,-0.23,-11.8125,-8.25,97.1875,0,0,0,0,0,0,0,21.5625,-7.622452
02.08.2026,05:59:54,101336,0.181033,-0.02,-0.18,-0.25,-11.8125,-8.125,97.1875,0,0,0,0,0,0,0,21.5625,-7.346298
02.08.2026,05:59:54,101442,0.174896,0,-0.18,-0.26,-11.9375,-8.0625,97.1875,0,0,0,0,0,0,0,21.5625,-7.588371
02.08.2026,05:59:54,101548,0.175919,-0.01,-0.17,-0.25,-12,-8.0625,97.1875,0,0,0,0,0,0,0,21.5625,-6.384918
02.08.2026,05:59:54,101654,0.175919,-0.02,-0.17,-0.23,-12.0625,-8.1875,97.125,0,0,0,0,0,0,0,21.375,-7.087234
02.08.2026,05:59:54,101760,0.184101,-0.01,-0.21,-0.25,-12.125,-8.3125,97.0625,0,0,0,0,0,0,0,21.1875,-6.252548
02.08.2026,05:59:54,101866,0.181033,-0.04,-0.14,-0.24,-12.125,-8.3125,97.0625,0,0,0,0,0,0,0,21.1875,-6.746315
02.08.2026,05:59:54,101972,0.177965,-0.02,-0.16,-0.22,-12.125,-8.3125,97.0625,0,0,0,0,0,0,0,21.1875,-5.733757
02.08.2026,05:59:54,102078,0.173873,0,-0.16,-0.23,-12.0625,-8.25,97.0625,0,0,0,0,0,0,0,21.1875,-7.209969
02.08.2026,05:59:54,102184,0.172851,-0.01,-0.15,-0.24,-12,-8.1875,97,0,0,0,0,0,0,0,21,-6.53833
02.08.2026,05:59:54,102290,0.177965,-0.01,-0.17,-0.23,-11.9375,-8.125,96.9375,0,0,0,0,0,0,0,20.8125,-6.173531
02.08.2026,05:59:54,102396,0.183078,-0.01,-0.19,-0.23,-11.875,-8.1875,96.875,0,0,0,0,0,0,0,20.625,-7.158798
02.08.2026,05:59:54,102502,0.174896,-0.02,-0.17,-0.24,-11.8125,-8.1875,96.8125,0,0,0,0,0,0,0,20.4375,-7.158798
02.08.2026,05:59:54,102608,0.182056,-0.02,-0.18,-0.22,-11.8125,-8.25,96.8125,0,0,0,0,0,0,0,20.4375,-6.855362
02.08.2026,05:59:54,102714,0.173873,-0.03,-0.15,-0.25,-11.8125,-8.25,96.75,0,0,0,0,0,0,0,20.09375,-7.959969
02.08.2026,05:59:54,102820,0.183078,-0.02,-0.17,-0.24,-11.9375,-8.25,96.75,0,0,0,0,0,0,0,20.25,-6.974693
02.08.2026,05:59:54,102926,0.182056,-0.01,-0.18,-0.24,-12,-8.1875,96.75,0,0,0,0,0,0,0,20.25,-6.265579
02.08.2026,05:59:54,103032,0.177965,-0.03,-0.19,-0.26,-12.0625,-8.125,96.75,0,0,0,0,0,0,0,20.25,-6.688354
02.08.2026,05:59:54,103138,0.172851,-0.01,-0.18,-0.23,-12.125,-8.125,96.75,0,0,0,0,0,0,0,20.25,-6.746315
02.08.2026,05:59:54,103244,0.182056,0,-0.17,-0.23,-12.125,-8.125,96.75,0,0,0,0,0,0,0,20.25,-6.715637
02.08.2026,05:59:54,103350,0.176942,-0.01,-0.19,-0.22,-12.125,-8.1875,96.75,0,0,0,0,0,0,0,20.25,-6.991783
02.08.2026,05:59:54,103456,0.168759,-0.01,-0.18,-0.24,-12.125,-8.25,96.75,0,0,0,0,0,0,0,20.25,-6.31675
02.08.2026,05:59:54,103562,0.178987,-0.01,-0.19,-0.22,-12.125,-8.3125,96.6875,0,0,0,0,0,0,0,20.0625,-6.009918
02.08.2026,05:59:54,103668,0.170805,-0.02,-0.18,-0.23,-12.125,-8.3125,96.6875,0,0,0,0,0,0,0,20.0625,-6.16333
02.08.2026,05:59:54,103774,0.173873,-0.01,-0.2,-0.24,-12,-8.3125,96.6875,0,0,0,0,0,0,0,20.0625,-6.845169
02.08.2026,05:59:54,103880,0.172851,0,-0.18,-0.21,-11.9375,-8.3125,96.6875,0,0,0,0,0,0,0,20.0625,-7.278137
02.08.2026,05:59:54,103986,0.177965,0.01,-0.19,-0.23,-11.875,-8.3125,96.6875,0,0,0,0,0,0,0,20.0625,-7.038895
02.08.2026,05:59:54,104092,0.176942,0,-0.17,-0.23,-11.8125,-8.3125,96.6875,0,0,0,0,0,0,0,20.0625,-7.840065
02.08.2026,05:59:54,104198,0.176942,0,-0.17,-0.23,-11.8125,-8.3125,96.6875,0,0,0,0,0,0,0,20.0625,-7.745186
02.08.2026,05:59:54,104304,0.171828,0.02,-0.15,-0.26,-11.8125,-8.3125,96.6875,0,0,0,0,0,0,0,20.0625,-7.806549
02.08.2026,05:59:54,104410,0.166714,0,-0.11,-0.24,-11.8125,-8.375,96.6875,0,0,0,0,0,0,0,20.0625,-8.236122
02.08.2026,05:59:54,104516,0.173873,0,-0.1,-0.24,-11.8125,-8.375,96.6875,0,0,0,0,0,0,0,20.0625,-7.284927
02.08.2026,05:59:54,104622,0.177965,-0.01,-0.13,-0.25,-11.75,-8.375,96.6875,0,0,0,0,0,0,0,20.0625,-7.533798
02.08.2026,05:59:54,104728,0.178987,0,-0.1,-0.24,-11.75,-8.3125,96.6875,0,0,0,0,0,0,0,20.0625,-7.319016
02.08.2026,05:59:54,104834,0.171828,0,-0.11,-0.25,-11.6875,-8.25,96.625,0,0,0,0,0,0,0,19.875,-7.748589
02.08.2026,05:59:54,104940,0.18001,0,-0.12,-0.22,-11.6875,-8.25,96.625,0,0,0,0,0,0,0,19.875,-7.690613
02.08.2026,05:59:54,105046,0.175919,0.01,-0.12,-0.23,-11.5625,-8.25,96.6875,0,0,0,0,0,0,0,20.0625,-8.369049
02.08.2026,05:59:54,105152,0.18001,0,-0.12,-0.23,-11.5625,-8.25,96.6875,0,0,0,0,0,0,0,20.0625,-7.666733
02.08.2026,05:59:54,105258,0.168759,-0.01,-0.12,-0.22,-11.5625,-8.25,96.6875,0,0,0,0,0,0,0,20.0625,-8.280403
02.08.2026,05:59:54,105364,0.172851,0,-0.1,-0.22,-11.5625,-8.25,96.6875,0,0,0,0,0,0,0,20.0625,-7.605362
02.08.2026,05:59:54,105470,0.176942,-0.02,-0.11,-0.23,-11.5625,-8.25,96.6875,0,0,0,0,0,0,0,20.0625,-8.863388
02.08.2026,05:59:54,105576,0.173873,0,-0.07,-0.26,-11.5625,-8.25,96.6875,0,0,0,0,0,0,0,20.0625,-7.85083
02.08.2026,05:59:54,105682,0.176942,-0.02,-0.08,-0.25,-11.5625,-8.25,96.6875,0,0,0,0,0,0,0,20.0625,-7.881516
02.08.2026,05:59:54,105788,0.18001,-0.04,-0.09,-0.25,-11.5625,-8.25,96.75,0,0,0,0,0,0,0,20.25,-8.188354
02.08.2026,05:59:54,105894,0.172851,-0.04,-0.08,-0.22,-11.625,-8.1875,96.875,0,0,0,0,0,0,0,20.625,-8.188354
02.08.2026,05:59:54,106000,0.178987,-0.05,-0.05,-0.23,-11.625,-8.0625,96.9375,0,0,0,0,0,0,0,20.8125,-8.123581
02.08.2026,05:59:54,106106,0.172851,0.02,-0.02,-0.15,-11.5625,-7.875,97,0,0,0,0,0,0,0,21,-7.939484
02.08.2026,05:59:54,106212,0.172851,0.07,-0.06,-0.26,-11.25,-7.6875,97.4375,0,0,0,0,0,0,0,22.625,-9.471863
02.08.2026,05:59:54,106318,0.18717,-0.02,-0.06,-0.29,-10.3125,-8.875,97.875,0,0,0,0,0,0,0,23.59375,-11.56789
02.08.2026,05:59:54,106424,0.182056,-0.09,-0.16,-0.28,-9.5625,-10.3125,97.9375,0,0,0,0,0,0,0,23.96875,-14.53323
02.08.2026,05:59:54,106530,0.176942,-0.08,-0.13,-0.24,-9.4375,-10.625,98,0,0,0,0,0,0,0,24.15625,-14.99009
02.08.2026,05:59:54,106636,0.181033,-0.03,-0.09,-0.3,-9.75,-9.875,98.375,0,0,0,0,0,0,0,25.59375,-12.32864
02.08.2026,05:59:54,106742,0.181033,-0.01,-0.03,-0.4,-10.5,-8.6875,98.875,0,0,0,0,0,0,0,27.09375,-10.74802
02.08.2026,05:59:54,106848,0.174896,-0.08,-0.01,-0.2,-12.0625,-6.75,99.4375,0,0,0,0,0,0,0,28.125,-7.322418
02.08.2026,05:59:54,106954,0.173873,0.01,-0.08,-0.24,-12.9375,-4.625,99.375,0,0,0,0,0,0,0,28.3125,-4.69062
02.08.2026,05:59:54,107060,0.175919,0,-0.1,-0.34,-13.4375,-3.1875,99,0,0,0,0,0,0,0,27.375,-2.386047
02.08.2026,05:59:54,107166,0.178987,0.21,-0.1,-0.43,-13.8125,-2.8125,98.1875,0,0,0,0,0,0,0,23.78125,-1.015579
02.08.2026,05:59:54,107272,0.173873,0.07,-0.07,-0.41,-14.125,-4.75,97.25,0,0,0,0,0,0,0,21.75,-0.500854
02.08.2026,05:59:54,107378,0.175919,-0.23,-0.08,-0.24,-14.375,-9.5625,96,0,0,0,0,0,0,0,19.125,0.337807
02.08.2026,05:59:54,107484,0.175919,-0.26,-0.02,-0.15,-14.5,-12.4375,95,0,0,0,0,0,0,0,14.0625,0.467331
02.08.2026,05:59:54,107590,0.175919,-0.26,-0.01,-0.08,-14.625,-13.25,94.125,0,0,0,0,0,0,0,11.59375,1.584969
02.08.2026,05:59:54,107696,0.178987,-0.16,-0.04,-0.16,-14.6875,-11.4375,93.3125,0,0,0,0,0,0,0,9.3125,1.155964
02.08.2026,05:59:54,107802,0.176942,0.09,-0.04,-0.39,-14.625,-6.8125,92.3125,0,0,0,0,0,0,0,7.6875,0.812218
02.08.2026,05:59:54,107908,0.18001,0.19,0.01,-0.42,-14.5,-4.125,91.5625,0,0,0,0,0,0,0,5.25,1.363953
02.08.2026,05:59:54,108014,0.175919,0.3,0.24,-0.52,-14.3125,-3.8125,90.8125,0,0,0,0,0,0,0,1.96875,-0.337234
02.08.2026,05:59:54,108120,0.175919,-0.14,0.11,-0.27,-14.25,-6.1875,90.375,0,0,0,0,0,0,0,0.8125,0.273033
02.08.2026,05:59:54,108226,0.175919,-0.47,-0.22,-0.07,-13.875,-8.1875,89.9375,0,0,0,0,0,0,0,-0.1875,-1.627548
02.08.2026,05:59:54,108332,0.18001,-0.04,-0.21,-0.22,-13.125,-7.375,88.5625,0,0,0,0,0,0,0,-3,-2.140579
02.08.2026,05:59:54,108438,0.177965,0.04,-0.16,-0.28,-12.8125,-6.125,87.5,0,0,0,0,0,0,0,-6.375,-3.422394
02.08.2026,05:59:54,108544,0.177965,0.01,-0.12,-0.3,-12.5,-5.4375,86.125,0,0,0,0,0,0,0,-12.71875,-4.881516
02.08.2026,05:59:54,108650,0.173873,0.02,-0.02,-0.3,-12.25,-5.75,84.6875,0,0,0,0,0,0,0,-17.03125,-6.220734
02.08.2026,05:59:54,108756,0.173873,0,0.05,-0.32,-12.125,-6.5625,83.1875,0,0,0,0,0,0,0,-21.6875,-5.580345
02.08.2026,05:59:54,108862,0.176942,-0.11,0.04,-0.28,-11.875,-8.125,81.1875,0,0,0,0,0,0,0,-26.6875,-6.575249
02.08.2026,05:59:54,108968,0.167737,-0.19,0.05,-0.28,-11.5,-9.125,79.625,0,0,0,0,0,0,0,-32.6875,-9.304855
02.08.2026,05:59:54,109074,0.176942,-0.18,0.05,-0.31,-11.125,-9.375,78.3125,0,0,0,0,0,0,0,-36.15625,-8.923523
02.08.2026,05:59:54,109180,0.168759,-0.15,0.03,-0.32,-10.6875,-8.75,76.875,0,0,0,0,0,0,0,-40.46875,-11.67815
02.08.2026,05:59:54,109286,0.172851,-0.01,0.1,-0.34,-10.375,-7.25,75.0625,0,0,0,0,0,0,0,-43.5,-11.9037
02.08.2026,05:59:54,109392,0.18001,0.13,0.35,-0.26,-10.1875,-6.5,73.875,0,0,0,0,0,0,0,-47.4375,-11.69968
02.08.2026,05:59:54,109498,0.182056,-0.06,-0.13,-0.28,-9.6875,-6.375,73,0,0,0,0,0,0,0,-50.25,-12.9713
02.08.2026,05:59:54,109604,0.184101,-0.1,-0.26,-0.11,-8.6875,-7.1875,71.8125,0,0,0,0,0,0,0,-55,-15.81448
02.08.2026,05:59:54,109710,0.186147,-0.23,-0.34,-0.16,-7.125,-8.25,70.3125,0,0,0,0,0,0,0,-55,-22.45251
02.08.2026,05:59:54,109816,0.183078,-0.18,-0.21,-0.31,-5.4375,-9.6875,68,0,0,0,0,0,0,0,-55,-24.63718
02.08.2026,05:59:54,109922,0.185124,-0.19,-0.15,-0.31,-4.9375,-10.0625,66.25,0,0,0,0,0,0,0,-55,-27.38718
02.08.2026,05:59:54,110028,0.181033,-0.15,-0.12,-0.3,-5.125,-9.75,64.6875,0,0,0,0,0,0,0,-55,-27.5997
02.08.2026,05:59:54,110134,0.178987,-0.16,-0.06,-0.24,-5.5625,-9.3125,62.875,0,0,0,0,0,0,0,-55,-25.29286
02.08.2026,05:59:54,110240,0.185124,-0.2,0.02,-0.2,-6.0625,-8.9375,61.0625,0,0,0,0,0,0,0,-55,-24.52927
02.08.2026,05:59:54,110346,0.178987,-0.21,0.13,-0.18,-6.6875,-8.8125,58.6875,0,0,0,0,0,0,0,-55,-22.01388
02.08.2026,05:59:54,110452,0.177965,-0.2,0.15,-0.19,-7.0625,-8.9375,57.0625,0,0,0,0,0,0,0,-55,-20.79569
02.08.2026,05:59:54,110558,0.178987,-0.23,0.22,-0.17,-7.375,-9.3125,55.4375,0,0,0,0,0,0,0,-55,-20.03946
02.08.2026,05:59:54,110664,0.184101,-0.19,0.32,-0.19,-7.625,-9.1875,54.125,0,0,0,0,0,0,0,-55,-18.77068
02.08.2026,05:59:54,110770,0.183078,-0.18,0.46,-0.19,-7.875,-8.3125,52.375,0,0,0,0,0,0,0,-55,-18.94402
02.08.2026,05:59:54,110876,0.18717,-0.07,0.43,-0.27,-8.125,-7.3125,51.125,0,0,0,0,0,0,0,-55,-18.65767
02.08.2026,05:59:54,110982,0.190238,0.1,0.5,-0.35,-8.4375,-6.5,49.875,0,0,0,0,0,0,0,-55,-17.17126
02.08.2026,05:59:54,111088,0.184101,0,0.37,-0.39,-8.8125,-7.0625,48.5625,0,0,0,0,0,0,0,-55,-15.08544
02.08.2026,05:59:54,111194,0.18001,-0.08,0.25,-0.4,-9,-9.0625,47.0625,0,0,0,0,0,0,0,-55,-14.58431
02.08.2026,05:59:54,111300,0.182056,-0.18,0.22,-0.25,-9.6875,-11.5625,45,0,0,0,0,0,0,0,-55,-12.92239
02.08.2026,05:59:54,111406,0.185124,-0.08,0.2,-0.14,-10.5625,-11.5625,43.75,0,0,0,0,0,0,0,-55,-11.46734
02.08.2026,05:59:54,111512,0.181033,-0.05,0.03,-0.22,-11.125,-10.375,42.875,0,0,0,0,0,0,0,-55,-9.894073
02.08.2026,05:59:54,111618,0.175919,-0.05,-0.06,-0.24,-11.6875,-8.4375,41.9375,0,0,0,0,0,0,0,-55,-7.498016
02.08.2026,05:59:54,111724,0.176942,0.04,-0.09,-0.29,-12.1875,-6.375,40.9375,0,0,0,0,0,0,0,-55,-5.599136
02.08.2026,05:59:54,111830,0.170805,0.14,-0.05,-0.34,-12.75,-5.3125,39.5625,0,0,0,0,0,0,0,-55,-5.369049
02.08.2026,05:59:54,111936,0.174896,-0.01,-0.13,-0.3,-13,-6.5,38.4375,0,0,0,0,0,0,0,-55,-4.278137
02.08.2026,05:59:54,112042,0.171828,-0.12,-0.09,-0.24,-13,-8.625,37.375,0,0,0,0,0,0,0,-55,-4.213371
02.08.2026,05:59:54,112148,0.165691,-0.22,-0.13,-0.16,-12.8125,-10.625,36.25,0,0,0,0,0,0,0,-55,-3.940613
02.08.2026,05:59:54,112254,0.172851,-0.17,-0.06,-0.12,-12.625,-11.375,35.25,0,0,0,0,0,0,0,-55,-4.850266
02.08.2026,05:59:54,112360,0.177965,-0.01,-0.07,-0.05,-12.25,-10,34.0625,0,0,0,0,0,0,0,-55,-6.189484
02.08.2026,05:59:54,112466,0.172851,0.26,-0.26,-0.11,-11.875,-7.25,33.375,0,0,0,0,0,0,0,-55,-7.587234
02.08.2026,05:59:54,112572,0.173873,0.15,-0.29,-0.15,-11.125,-5.8125,32.875,0,0,0,0,0,0,0,-55,-10.49405
02.08.2026,05:59:54,112678,0.166714,0.05,-0.26,-0.17,-10.4375,-5.125,32.5625,0,0,0,0,0,0,0,-55,-11.54117
02.08.2026,05:59:54,112784,0.167737,0.13,-0.25,-0.4,-10.0625,-4.125,32.5,0,0,0,0,0,0,0,-55,-13.15144
02.08.2026,05:59:54,112890,0.165691,0.26,-0.24,-0.56,-10.25,-3.5,32.625,0,0,0,0,0,0,0,-55,-12.89973
02.08.2026,05:59:54,112996,0.1616,0.12,-0.18,-0.49,-10.75,-4.5,32.625,0,0,0,0,0,0,0,-55,-12.26567
02.08.2026,05:59:54,113102,0.158532,0.06,-0.13,-0.33,-11.3125,-5.25,32.75,0,0,0,0,0,0,0,-55,-10.42136
02.08.2026,05:59:54,113208,0.159554,0.08,-0.01,-0.23,-11.75,-5.3125,33,0,0,0,0,0,0,0,-55,-7.712234
02.08.2026,05:59:54,113314,0.15444,0.07,0.12,-0.1,-11.6875,-5.125,33.3125,0,0,0,0,0,0,0,-55,-8.116783
02.08.2026,05:59:54,113420,0.163646,0.09,0.09,-0.23,-11.375,-4.5,33.5625,0,0,0,0,0,0,0,-55,-8.03833
02.08.2026,05:59:54,113526,0.163646,-0.16,0.13,-0.31,-10.875,-5,33.625,0,0,0,0,0,0,0,-55,-10.63954
02.08.2026,05:59:54,113632,0.159554,-0.29,0.12,-0.23,-10.5625,-5.3125,33.6875,0,0,0,0,0,0,0,-55,-12.08384
02.08.2026,05:59:54,113738,0.167737,-0.05,0,-0.29,-10.4375,-4.125,33.8125,0,0,0,0,0,0,0,-55,-11.62755
02.08.2026,05:59:54,113844,0.167737,0.14,0.15,-0.27,-10.4375,-2.0625,34.0625,0,0,0,0,0,0,0,-55,-12.02361
02.08.2026,05:59:54,113950,0.164668,0.12,0.32,-0.33,-10.5,-3.4375,34,0,0,0,0,0,0,0,-55,-11.95601
02.08.2026,05:59:54,114056,0.160577,-0.13,-0.13,-0.13,-10.5625,-5.5,33.875,0,0,0,0,0,0,0,-55,-11.0963
02.08.2026,05:59:54,114162,0.165691,-0.17,-0.16,-0.24,-10.8125,-6.125,34,0,0,0,0,0,0,0,-55,-10.68098
02.08.2026,05:59:54,114268,0.158532,-0.19,0.08,-0.36,-11.1875,-5.875,34.0625,0,0,0,0,0,0,0,-55,-9.366219
02.08.2026,05:59:54,114374,0.151372,0.22,0.06,-0.62,-11.9375,-3.375,34.25,0,0,0,0,0,0,0,-55,-7.533798
02.08.2026,05:59:54,114480,0.146258,-0.23,-0.27,-0.01,-12.375,-3.375,34.3125,0,0,0,0,0,0,0,-55,-7.019073
02.08.2026,05:59:54,114586,0.148304,-0.23,0.05,0,-12.6875,-3.25,34.4375,0,0,0,0,0,0,0,-55,-5.556557
02.08.2026,05:59:54,114692,0.145235,0.06,0.07,-0.39,-13.125,-1.8125,34.5,0,0,0,0,0,0,0,-55,-3.648598
02.08.2026,05:59:54,114798,0.138076,-0.07,-0.09,-0.5,-13.3125,-0.9375,34.125,0,0,0,0,0,0,0,-55,-3.98159
02.08.2026,05:59:54,114904,0.128871,0.04,-0.14,-0.7,-13.0625,-1,33.625,0,0,0,0,0,0,0,-55,-4.543526
02.08.2026,05:59:54,115010,0.133985,0.02,-0.11,-0.59,-12.625,-2.1875,33.0625,0,0,0,0,0,0,0,-55,-5.988388
02.08.2026,05:59:54,115116,0.123757,-0.33,-0.16,-0.26,-12.4375,-4.0625,32.375,0,0,0,0,0,0,0,-55,-6.76001
02.08.2026,05:59:54,115222,0.12478,-0.18,-0.07,-0.2,-12.5,-5.5,31.6875,0,0,0,0,0,0,0,-55,-6.907196
02.08.2026,05:59:54,115328,0.125803,-0.32,-0.06,-0.1,-12.8125,-6.875,31.1875,0,0,0,0,0,0,0,-55,-6.470261
02.08.2026,05:59:54,115434,0.129894,0.29,-0.05,-0.49,-13,-6.0625,31.3125,0,0,0,0,0,0,0,-55,-4.857719
02.08.2026,05:59:54,115540,0.135008,0.27,-0.35,-0.47,-12.8125,-6.75,31.5,0,0,0,0,0,0,0,-55,-4.864517
02.08.2026,05:59:54,115646,0.126825,-0.17,-0.22,-0.16,-12.4375,-8.1875,32.0625,0,0,0,0,0,0,0,-55,-6.722527
02.08.2026,05:59:54,115752,0.129894,-0.34,-0.84,0,-12.125,-8.75,32.6875,0,0,0,0,0,0,0,-55,-7.70034
02.08.2026,05:59:54,115858,0.125803,-0.17,-0.21,-0.08,-12.0625,-9.9375,33.625,0,0,0,0,0,0,0,-55,-8.011139
02.08.2026,05:59:54,115964,0.132962,-0.18,-0.22,-0.17,-12.125,-10.0625,34.25,0,0,0,0,0,0,0,-55,-7.482719
02.08.2026,05:59:54,116070,0.135008,0.3,1.42,-0.52,-12.125,-10.25,34.8125,0,0,0,0,0,0,0,-55,-7.758881
02.08.2026,05:59:54,116176,0.126825,0.02,-0.29,-0.31,-12,-9.75,35.1875,0,0,0,0,0,0,0,-55,-7.952606
02.08.2026,05:59:54,116282,0.128871,-0.06,0.08,-0.28,-11.8125,-9.25,35.4375,0,0,0,0,0,0,0,-55,-8.849228
02.08.2026,05:59:54,116388,0.130916,0.13,0.03,-0.36,-11.75,-8.5625,35.4375,0,0,0,0,0,0,0,-55,-9.040131
02.08.2026,05:59:54,116494,0.130916,0.15,0.32,-0.38,-11.75,-8.4375,35.25,0,0,0,0,0,0,0,-55,-8.761139
02.08.2026,05:59:54,116600,0.137053,0.21,0.46,-0.17,-11.8125,-8.5,34.6875,0,0,0,0,0,0,0,-55,-8.63501
02.08.2026,05:59:54,116706,0.131939,0.31,0.74,-0.26,-12.0625,-8.125,34.0625,0,0,0,0,0,0,0,-55,-7.756607
02.08.2026,05:59:54,116812,0.13603,0.03,0.06,-0.13,-12.3125,-7.8125,33.375,0,0,0,0,0,0,0,-55,-7.291824
02.08.2026,05:59:54,116918,0.13603,0.3,0.91,-0.45,-12.5,-7.5,32.875,0,0,0,0,0,0,0,-55,-6.483856
02.08.2026,05:59:54,117024,0.122734,0.22,-0.06,-0.32,-12.4375,-7.0625,32.4375,0,0,0,0,0,0,0,-55,-7.124817
02.08.2026,05:59:54,117130,0.129894,0.09,0.05,-0.36,-12.3125,-6.8125,32,0,0,0,0,0,0,0,-55,-6.923058
02.08.2026,05:59:54,117236,0.129894,0.02,0.04,-0.39,-12.0625,-7.125,31.5,0,0,0,0,0,0,0,-55,-7.979889
02.08.2026,05:59:54,117342,0.132962,-0.05,0.05,-0.25,-11.9375,-7.5,31,0,0,0,0,0,0,0,-55,-7.677017
02.08.2026,05:59:54,117448,0.138076,0.16,0.07,-0.29,-11.875,-7.375,30.75,0,0,0,0,0,0,0,-55,-7.925888
02.08.2026,05:59:54,117554,0.137053,0.01,0.14,-0.21,-11.875,-7.875,30.5,0,0,0,0,0,0,0,-55,-8.232719
02.08.2026,05:59:54,117660,0.129894,-0.25,-0.05,-0.08,-11.9375,-8.25,30.4375,0,0,0,0,0,0,0,-55,-8.10376
02.08.2026,05:59:54,117766,0.130916,0.22,0.46,-0.38,-12,-7.5,30.5,0,0,0,0,0,0,0,-55,-6.998581
02.08.2026,05:59:54,117872,0.129894,-0.03,0.06,-0.37,-12,-7.6875,30.5,0,0,0,0,0,0,0,-55,-8.164558
02.08.2026,05:59:54,117978,0.137053,0.04,-0.14,-0.46,-12.0625,-7.1875,30.4375,0,0,0,0,0,0,0,-55,-8.011139
02.08.2026,05:59:54,118084,0.132962,0.07,0.05,-0.36,-12,-7,30.4375,0,0,0,0,0,0,0,-55,-8.256607
02.08.2026,05:59:54,118190,0.137053,0,0.04,-0.22,-11.9375,-7.4375,30.3125,0,0,0,0,0,0,0,-55,-7.922493
02.08.2026,05:59:54,118296,0.131939,0.13,0.23,-0.11,-12,-7.75,30.5625,0,0,0,0,0,0,0,-55,-7.336105
02.08.2026,05:59:54,118402,0.132962,0.01,-0.18,0.11,-12,-8,31.0625,0,0,0,0,0,0,0,-55,-7.673622
02.08.2026,05:59:54,118508,0.138076,0.04,-0.21,-0.11,-11.9375,-7.6875,31.6875,0,0,0,0,0,0,0,-55,-7.462234
02.08.2026,05:59:54,118614,0.130916,-0.27,-0.42,-0.15,-11.8125,-7.6875,32.1875,0,0,0,0,0,0,0,-55,-9.006042
02.08.2026,05:59:54,118720,0.132962,-0.05,-0.19,-0.35,-11.6875,-8.1875,32.6875,0,0,0,0,0,0,0,-55,-9.534462
02.08.2026,05:59:54,118826,0.141144,0.08,-0.16,-0.43,-11.625,-8.8125,33.5625,0,0,0,0,0,0,0,-55,-9.627075
02.08.2026,05:59:54,118932,0.135008,-0.29,-0.04,-0.2,-11.6875,-10.0625,34.0625,0,0,0,0,0,0,0,-55,-9.470261
02.08.2026,05:59:54,119038,0.142167,-0.06,0.03,-0.12,-11.8125,-10.75,34.25,0,0,0,0,0,0,0,-55,-7.959969
02.08.2026,05:59:54,119144,0.141144,-0.24,-0.01,-0.08,-11.8125,-10.875,34.0625,0,0,0,0,0,0,0,-55,-8.941841
02.08.2026,05:59:54,119250,0.139099,-0.09,0.04,-0.17,-11.6875,-10.625,33.75,0,0,0,0,0,0,0,-55,-9.255478
02.08.2026,05:59:54,119356,0.137053,0.01,0.01,-0.31,-11.1875,-10,32.9375,0,0,0,0,0,0,0,-55,-9.98159
02.08.2026,05:59:54,119462,0.145235,0.6,0.78,-0.86,-10.75,-10.0625,32.1875,0,0,0,0,0,0,0,-55,-11.17136
02.08.2026,05:59:54,119568,0.141144,-0.4,0.19,-0.3,-10.375,-12.25,30.875,0,0,0,0,0,0,0,-55,-12.73839
02.08.2026,05:59:54,119674,0.140121,-0.06,0.21,-0.31,-10.6875,-12.625,29.3125,0,0,0,0,0,0,0,-55,-11.32647
02.08.2026,05:59:54,119780,0.137053,-0.04,0.1,0,-11.1875,-11.75,27.6875,0,0,0,0,0,0,0,-55,-9.829308
02.08.2026,05:59:54,119886,0.137053,-0.13,0.07,0,-11.5625,-9.875,25.8125,0,0,0,0,0,0,0,-55,-8.796356
02.08.2026,05:59:54,119992,0.139099,0,0.13,-0.21,-11.125,-8.125,24.5625,0,0,0,0,0,0,0,-55,-10.67815
02.08.2026,05:59:54,120098,0.145235,-0.05,0.09,-0.25,-10.3125,-6.875,22.9375,0,0,0,0,0,0,0,-55,-14.1032
02.08.2026,05:59:54,120204,0.14319,0.38,0.01,-0.5,-9.625,-5.375,21.375,0,0,0,0,0,0,0,-55,-15.42079
02.08.2026,05:59:54,120310,0.137053,-0.12,-0.16,-0.15,-8.9375,-5.3125,19.5,0,0,0,0,0,0,0,-55,-17.25321
02.08.2026,05:59:54,120416,0.147281,-0.11,-0.01,-0.23,-8.5,-5.9375,18.25,0,0,0,0,0,0,0,-55,-17.52247
02.08.2026,05:59:54,120522,0.137053,0.21,0.11,-0.45,-8.0625,-5.375,17.5625,0,0,0,0,0,0,0,-55,-19.56798
02.08.2026,05:59:54,120628,0.149327,-0.04,0.13,-0.48,-7.875,-5.3125,16.6875,0,0,0,0,0,0,0,-55,-20.84639
02.08.2026,05:59:54,120734,0.14319,-0.3,-0.07,-0.11,-7.875,-5.5625,15.0625,0,0,0,0,0,0,0,-55,-20.17136
02.08.2026,05:59:54,120840,0.146258,-0.26,-0.04,-0.13,-8,-4.1875,11.5625,0,0,0,0,0,0,0,-55,-18.9679
02.08.2026,05:59:54,120946,0.147281,-0.23,-0.4,-0.05,-8.4375,-2.25,7.8125,0,0,0,0,0,0,0,-55,-18.70317
02.08.2026,05:59:54,121052,0.144213,-0.47,-0.08,-0.38,-9.25,-1,4.125,0,0,0,0,0,0,0,-55,-15.87878
02.08.2026,05:59:54,121158,0.131939,-0.36,0.22,-0.69,-10.6875,0.375,0.1875,0,0,0,0,0,0,0,-55,-10.72932
02.08.2026,05:59:54,121264,0.139099,-0.42,0.05,-0.65,-12.625,-0.0625,355.75,0,0,0,0,0,0,0,55,-4.02417
02.08.2026,05:59:54,121370,0.145235,-0.6,-0.09,-0.09,-13.75,-2.875,349,0,0,0,0,0,0,0,55,-2.457703
02.08.2026,05:59:54,121476,0.138076,-0.36,0.06,-0.1,-13.5,-4.5,344.1875,0,0,0,0,0,0,0,55,-3.599792
02.08.2026,05:59:54,121582,0.140121,-0.78,0.13,0.15,-13.3125,-5.625,340.25,0,0,0,0,0,0,0,55,-4.223663
02.08.2026,05:59:54,121688,0.135008,-0.48,0.09,-0.23,-13.375,-4.125,337.25,0,0,0,0,0,0,0,55,-3.671356
02.08.2026,05:59:54,121794,0.137053,-0.01,-0.01,-0.62,-13,0.875,332.8125,0,0,0,0,0,0,0,55,-3.438919
02.08.2026,05:59:54,121900,0.125803,-0.23,0,-0.41,-12.5,1.4375,329.75,0,0,0,0,0,0,0,55,-5.549759
02.08.2026,05:59:54,122006,0.13603,-0.29,0.2,-0.35,-12.0625,0.3125,326,0,0,0,0,0,0,0,55,-7.114517
02.08.2026,05:59:54,122112,0.14319,-0.06,0.23,-0.37,-12.1875,-0.625,322.0625,0,0,0,0,0,0,0,55,-6.43325
02.08.2026,05:59:54,122218,0.142167,-0.01,0.29,-0.29,-12.5625,-1.875,317.9375,0,0,0,0,0,0,0,55,-5.796356
02.08.2026,05:59:54,122324,0.13603,-0.36,0.03,-0.1,-12.875,-4.1875,312.25,0,0,0,0,0,0,0,55,-4.892372
02.08.2026,05:59:54,122430,0.12478,-0.36,0.21,-0.44,-13.125,-5.1875,307.6875,0,0,0,0,0,0,0,55,-4.599792
02.08.2026,05:59:54,122536,0.123757,-0.42,0.2,-0.65,-13.4375,-6.4375,303.6875,0,0,0,0,0,0,0,55,-3.849228
02.08.2026,05:59:54,122642,0.119666,-0.8,0.1,-0.62,-13.9375,-6.375,299.5,0,0,0,0,0,0,0,55,-2.098091
02.08.2026,05:59:54,122748,0.132962,0.12,0.1,-0.5,-14.75,-2,295.625,0,0,0,0,0,0,0,55,1.293427
02.08.2026,05:59:54,122854,0.126825,-0.32,0.58,0.11,-15.375,-2.4375,290.625,0,0,0,0,0,0,0,55,1.466106
02.08.2026,05:59:54,122960,0.125803,-0.8,0.39,0.21,-15.25,-4.4375,287.25,0,0,0,0,0,0,0,55,1.374058
02.08.2026,05:59:54,123066,0.125803,0.01,0.01,-0.52,-14.6875,-4.875,284.5,0,0,0,0,0,0,0,55,0.497925
02.08.2026,05:59:54,123172,0.119666,-0.38,-0.26,-0.94,-13.625,-6.9375,281.4375,0,0,0,0,0,0,0,55,-4.877075
02.08.2026,05:59:54,123278,0.11762,-0.73,-0.49,-0.13,-11.8125,-7.4375,277.4375,0,0,0,0,0,0,0,55,-8.173622
02.08.2026,05:59:54,123384,0.120689,0.02,-0.15,-0.11,-12.3125,-6.6875,275.4375,0,0,0,0,0,0,0,55,-8.619713
02.08.2026,05:59:54,123490,0.122734,-1.28,-0.16,-0.51,-14.4375,-7.625,273.8125,0,0,0,0,0,0,0,55,0.19165
02.08.2026,05:59:54,123596,0.126825,-0.72,-0.07,-0.23,-16.125,-8.5625,272.9375,0,0,0,0,0,0,0,55,5.485458
02.08.2026,05:59:54,123702,0.132962,0.44,-0.02,-0.38,-16.5625,-5.25,272.4375,0,0,0,0,0,0,0,55,5.308155
02.08.2026,05:59:54,123808,0.128871,-0.06,0.28,0,-15.6875,-3.75,271.9375,0,0,0,0,0,0,0,55,3.368389
02.08.2026,05:59:54,123914,0.129894,-0.23,0.13,-0.15,-15,-3.6875,271.875,0,0,0,0,0,0,0,55,1.892277
02.08.2026,05:59:54,124020,0.121711,-0.28,-0.02,-0.44,-14.5,-4.6875,271.875,0,0,0,0,0,0,0,55,-0.562309
02.08.2026,05:59:54,124126,0.11762,-0.26,-0.03,-0.46,-14.5,-6.0625,271.875,0,0,0,0,0,0,0,55,-1.097527
02.08.2026,05:59:54,124232,0.115575,0.11,-0.3,-0.64,-15,-6.375,271.8125,0,0,0,0,0,0,0,55,0.78257
02.08.2026,05:59:54,124338,0.119666,0,-0.42,-0.45,-15.4375,-6.3125,271.1875,0,0,0,0,0,0,0,55,1.960438
02.08.2026,05:59:54,124444,0.113529,-0.61,-0.22,0.02,-15.5,-7.0625,270.125,0,0,0,0,0,0,0,55,2.182022
02.08.2026,05:59:54,124550,0.12478,-0.23,-0.22,0.11,-14.8125,-5.8125,269,0,0,0,0,0,0,0,55,-0.293526
02.08.2026,05:59:54,124656,0.125803,0.43,0.57,-0.37,-13.6875,-5,268.4375,0,0,0,0,0,0,0,55,-4.656059
02.08.2026,05:59:54,124762,0.12478,-0.25,0.35,-1.49,-11.9375,-4.1875,266.8125,0,0,0,0,0,0,0,55,-7.557213
02.08.2026,05:59:54,124868,0.132962,-0.95,-0.14,-0.18,-9.5625,-3,266.125,0,0,0,0,0,0,0,55,-14.61395
02.08.2026,05:59:54,124974,0.122734,0.02,-0.23,-0.41,-8.75,1.9375,266.5,0,0,0,0,0,0,0,55,-17.68958
02.08.2026,05:59:54,125080,0.133985,1.08,-0.18,-0.25,-8.875,5.8125,266.75,0,0,0,0,0,0,0,55,-17.51567
02.08.2026,05:59:54,125186,0.131939,-0.01,0.04,0.44,-8.875,2.625,265.6875,0,0,0,0,0,0,0,55,-17.90776
02.08.2026,05:59:54,125292,0.12478,-0.56,-0.16,-0.23,-7.625,-1.8125,263.625,0,0,0,0,0,0,0,55,-20.31798
02.08.2026,05:59:54,125398,0.120689,-0.74,-0.12,-0.42,-6.375,-3.8125,262.625,0,0,0,0,0,0,0,55,-24.7737
02.08.2026,05:59:54,125504,0.116597,0.25,0.09,-0.45,-5.125,-3.5,262.25,0,0,0,0,0,0,0,55,-27.86914
02.08.2026,05:59:54,125610,0.114552,0.59,0.21,-0.5,-3.8125,-3.8125,261.75,0,0,0,0,0,0,0,55,-34.09695
02.08.2026,05:59:54,125716,0.109438,-1.21,0.3,-0.12,-2.5625,-5.0625,260.6875,0,0,0,0,0,0,0,55,-37.59866
02.08.2026,05:59:54,125822,0.107392,-0.83,0.09,0.18,-0.3125,-5.8125,259.875,0,0,0,0,0,0,0,55,-40
02.08.2026,05:59:54,125928,0.110461,0.3,0.06,-0.1,2.1875,-3.6875,259.5625,0,0,0,0,0,0,0,55,-40
02.08.2026,05:59:54,126034,0.10637,-0.07,0.15,-0.05,4.625,-3.4375,258.25,0,0,0,0,0,0,0,55,-40
02.08.2026,05:59:54,126140,0.103301,-0.16,0.33,-0.34,6.875,-4.3125,256.3125,0,0,0,0,0,0,0,55,-40
02.08.2026,05:59:54,126246,0.095119,-0.17,0.13,-0.41,8.75,-5.1875,254.4375,0,0,0,0,0,0,0,55,-40
02.08.2026,05:59:54,126352,0.098187,-0.05,-0.2,-0.16,10.9375,-5.625,252.3125,0,0,0,0,0,0,0,55,-40
02.08.2026,05:59:54,126458,0.091028,-0.18,-0.28,-0.3,12.5,-5.8125,251.0625,0,0,0,0,0,0,0,55,-40
02.08.2026,05:59:54,126564,0.092051,-0.33,-0.15,-0.26,14.75,-5.9375,249.6875,0,0,0,0,0,0,0,55,-40
02.08.2026,05:59:54,126670,0.097165,-0.27,0.01,-0.26,16.8125,-5.375,248.6875,0,0,0,0,0,0,0,55,-40
02.08.2026,05:59:54,126776,0.097165,-0.09,0.33,0.08,17.75,-4.25,248.4375,0,0,0,0,0,0,0,55,-40
02.08.2026,05:59:54,126882,0.087959,-0.08,0.09,0.05,19.625,-3.375,248.25,0,0,0,0,0,0,0,55,-40
02.08.2026,05:59:54,126988,0.091028,-0.42,0.06,0.09,21.375,-3.75,247.125,0,0,0,0,0,0,0,55,-40
02.08.2026,05:59:54,127094,0.092051,-0.38,0.12,-0.14,23,-4.0625,246.125,0,0,0,0,0,0,0,55,-40
02.08.2026,05:59:54,127200,0.097165,-0.22,0.12,-0.06,24.3125,-3.8125,245.4375,0,0,0,0,0,0,0,55,-40
02.08.2026,05:59:54,127306,0.094096,-0.17,0.01,0,25.625,-3.1875,244.375,0,0,0,0,0,0,0,55,-40
02.08.2026,05:59:54,127412,0.091028,-0.15,0,0.01,26.4375,-2.9375,243.4375,0,0,0,0,0,0,0,55,-40
02.08.2026,05:59:54,127518,0.096142,-0.32,-0.18,-0.02,27.5,-2.9375,242.3125,0,0,0,0,0,0,0,55,-40
02.08.2026,05:59:54,127624,0.094096,-0.41,0.04,0.07,28.625,-2.875,241.3125,0,0,0,0,0,0,0,55,-40
02.08.2026,05:59:54,127730,0.095119,-0.03,0.12,-0.1,29.8125,-2.3125,240.5625,0,0,0,0,0,0,0,55,-40
02.08.2026,05:59:54,127836,0.090005,-0.44,0,0.12,31.375,-1.875,239.375,0,0,0,0,0,0,0,55,-40
02.08.2026,05:59:54,127942,0.091028,-0.42,0.01,0.09,32.625,-1.6875,238.75,0,0,0,0,0,0,0,55,-40
02.08.2026,05:59:54,128048,0.087959,-0.13,-0.05,-0.26,33.6875,-1.5625,238.5625,0,0,0,0,0,0,0,55,-40
02.08.2026,05:59:54,128154,0.091028,-0.18,0.14,0.05,33.625,-1.1875,238.4375,0,0,0,0,0,0,0,55,-40
02.08.2026,05:59:54,128260,0.091028,-0.43,0.03,0.16,33.1875,-1.25,238.5,0,0,0,0,0,0,0,55,-40
02.08.2026,05:59:54,128366,0.095119,-0.26,-0.1,0.09,33.0625,-1.25,238.6875,0,0,0,0,0,0,0,55,-40
02.08.2026,05:59:54,128472,0.091028,-0.22,-0.11,0.1,32.75,-1.1875,238.625,0,0,0,0,0,0,0,55,-40
02.08.2026,05:59:54,128578,0.092051,-0.18,0.03,-0.06,32.5,-1.25,238.5,0,0,0,0,0,0,0,55,-40
02.08.2026,05:59:54,128684,0.084891,-0.23,0.06,0.03,32.5,-1.3125,238.25,0,0,0,0,0,0,0,55,-40
02.08.2026,05:59:54,128790,0.086937,-0.31,0.03,0,32.5,-1.375,238.125,0,0,0,0,0,0,0,55,-40
02.08.2026,05:59:54,128896,0.083868,-0.26,-0.12,0.07,32.375,-1.3125,238.125,0,0,0,0,0,0,0,55,-40
02.08.2026,05:59:54,129002,0.090005,-0.15,-0.02,0.02,32,-1.125,238.125,0,0,0,0,0,0,0,55,-40
02.08.2026,05:59:54,129108,0.093073,-0.18,0.03,0,31.625,-1,238.25,0,0,0,0,0,0,0,55,-40
02.08.2026,05:59:54,129214,0.083868,-0.31,0.01,-0.1,31.25,-1.0625,238.1875,0,0,0,0,0,0,0,55,-40
02.08.2026,05:59:54,129320,0.097165,-0.44,-0.04,-0.18,29.3125,-1.5,238.3125,0,0,0,0,0,0,0,55,-40
02.08.2026,05:59:54,129426,0.088982,-0.3,-0.07,-0.2,26.6875,-1.5625,239,0,0,0,0,0,0,0,55,-40
02.08.2026,05:59:54,129532,0.093073,-0.07,0.04,-0.29,23.5,-1.25,239.625,0,0,0,0,0,0,0,55,-40
02.08.2026,05:59:54,129638,0.100233,-0.04,0.21,-0.11,19.5625,-0.9375,240.5,0,0,0,0,0,0,0,55,-40
02.08.2026,05:59:54,129744,0.090005,-0.04,0.45,0.19,15.625,-1,241.4375,0,0,0,0,0,0,0,55,-40
02.08.2026,05:59:54,129850,0.096142,-0.32,0.25,-0.08,10.8125,-1.9375,242.5625,0,0,0,0,0,0,0,55,-40
02.08.2026,05:59:54,129956,0.098187,-0.37,0.14,-0.18,7.1875,-2.1875,243.9375,0,0,0,0,0,0,0,55,-40
02.08.2026,05:59:54,130062,0.095119,-0.07,0.22,-0.23,3.625,-1.625,245.5,0,0,0,0,0,0,0,55,-40
02.08.2026,05:59:54,130168,0.098187,-0.04,0.16,-0.06,0.375,-1.125,246.625,0,0,0,0,0,0,0,55,-40
02.08.2026,05:59:54,130274,0.094096,-0.16,0,-0.12,-2.9375,-1.375,247.4375,0,0,0,0,0,0,0,55,-37.63963
02.08.2026,05:59:54,130380,0.101256,-0.08,0.08,-0.28,-4.875,-1.9375,247.8125,0,0,0,0,0,0,0,55,-29.87651
02.08.2026,05:59:54,130486,0.09921,-0.25,0.01,-0.37,-6.5625,-2.75,248.125,0,0,0,0,0,0,0,55,-26.98962
02.08.2026,05:59:54,130592,0.110461,-0.11,0.13,-0.42,-7.75,-2.625,248.4375,0,0,0,0,0,0,0,55,-20.46799
02.08.2026,05:59:54,130698,0.108415,0,0.02,-0.39,-8.6875,-2.1875,248.75,0,0,0,0,0,0,0,55,-18.18279
02.08.2026,05:59:54,130804,0.123757,-0.08,0.26,-0.23,-9.375,-2.3125,248.75,0,0,0,0,0,0,0,55,-15.79239
02.08.2026,05:59:54,130910,0.141144,0.05,0.12,-0.36,-9.6875,-1.8125,248.5625,0,0,0,0,0,0,0,55,-14.88161
02.08.2026,05:59:54,131016,0.132962,-0.13,0.16,-0.1,-9.75,-2.375,248.0625,0,0,0,0,0,0,0,55,-15.06798
02.08.2026,05:59:54,131122,0.149327,-0.18,0.1,-0.05,-9.5625,-3.0625,247.6875,0,0,0,0,0,0,0,55,-15.38785
02.08.2026,05:59:54,131228,0.156486,-0.22,-0.07,0.1,-9.3125,-3.6875,247.3125,0,0,0,0,0,0,0,55,-15.98442
02.08.2026,05:59:54,131334,0.163646,-0.05,-0.07,-0.37,-9.3125,-3.1875,246.875,0,0,0,0,0,0,0,55,-14.72357