Log_Date,Log_Time,Time,Depth,Ax,Ay,Az,pitch,roll,yaw,velocity,distance
17.05.2026,03:06:57,97200,0,0,0,0,0,0,0,0,0
17.05.2026,03:06:57,97254,0,0,0,0,0,0,0,0,0
17.05.2026,03:06:57,97308,0,0,0,0,0,0,0,0,0
17.05.2026,03:06:57,97362,0,0,0,0,0,0,0,0,0
17.05.2026,03:06:57,97416,0,0,0,0,0,0,0,0,0
17.05.2026,03:06:57,97470,0,0,0,0,0,0,0,0,0
17.05.2026,03:06:57,97686,0,0,0,0,0,0,0,0,0
17.05.2026,03:06:57,97740,0,0,0,0,0,0,0,0,0
17.05.2026,03:06:57,97794,0,0,0,0,0,0,0,0,0
17.05.2026,03:06:57,97848,0,0,0,0,0,0,0,0,0
17.05.2026,03:06:57,97902,0,0,0,0,0,0,0,0,0
17.05.2026,03:06:57,97956,0,0,0,0,0,0,0,0,0
17.05.2026,03:06:57,98010,0,0,0,0,0,0,0,0,0
17.05.2026,03:06:57,98064,0,0,0,0,0,0,0,0,0
17.05.2026,03:06:57,98118,0,0,0,0,0,0,0,0,0
17.05.2026,03:06:57,98172,0,0,0,0,0,0,0,0,0
17.05.2026,03:06:57,98226,0,0,0,0,0,0,90,0,0
17.05.2026,03:06:57,98280,0,-0.13,0.4,-0.6,0,-0.125,90.0625,0,0
17.05.2026,03:06:57,98334,0,0.04,-0.02,-0.68,-2.3125,-1.125,90.0625,0.003088,0.000121
17.05.2026,03:06:57,98388,0,0,-0.08,-0.66,-2.375,-1.125,90.125,0.004263,0.000363
17.05.2026,03:06:57,98442,0,-0.05,-0.06,-0.48,-2.375,-1.25,90.1875,0.002606,0.000563
17.05.2026,03:06:57,98496,0,0.05,-0.06,-0.47,-2.3125,-1.0625,90.3125,0.00074,0.000613
17.05.2026,03:06:57,98550,0,0.04,-0.05,-0.58,-2.3125,-1,90.375,-0.002518,0.000527
17.05.2026,03:06:57,98604,0,0.03,-0.18,-0.7,-2.1875,-1.125,90.4375,-0.006692,0.000223
17.05.2026,03:06:57,98658,0,-0.02,-0.05,-0.7,-2.0625,-1.25,90.4375,-0.011007,-0.000173
17.05.2026,03:06:57,98712,0,0.04,0.05,-0.73,-1.8125,-1.25,90.5,-0.015873,-0.001042
17.05.2026,03:06:57,98766,0,0.03,0.04,-0.66,-1.625,-1.25,90.5625,-0.017074,-0.002058
17.05.2026,03:06:57,98820,0,0.03,0.07,-0.61,-1.625,-1.25,90.5625,-0.016612,-0.002729
17.05.2026,03:06:57,98874,0,-0.03,-0.01,-0.55,-1.75,-1.5,309.0625,-0.015056,-0.003661
17.05.2026,03:06:57,98928,0,0,0,-0.58,-2,-1.5625,309.0625,-0.014409,-0.004535
17.05.2026,03:06:57,98982,0,0.04,-0.06,-0.59,-2.125,-1.5625,308.6875,-0.014665,-0.005403
17.05.2026,03:06:57,99036,0,0.07,-0.15,-0.7,-2.3125,-1.6875,308.8125,-0.016202,-0.006032
17.05.2026,03:06:57,99090,0,0.06,-0.12,-0.66,-2.3125,-1.75,308.875,-0.020825,-0.00718
17.05.2026,03:06:57,99144,0,-0.04,0.08,-0.52,-2.1875,-1.9375,308.875,-0.023387,-0.008555
17.05.2026,03:06:57,99198,0,-0.04,0.11,-0.51,-1.9375,-1.8125,308.8125,-0.0227,-0.009474
17.05.2026,03:06:57,99252,0,-0.01,0.02,-0.61,-1.875,-1.6875,308.8125,-0.019501,-0.010714
17.05.2026,03:06:57,99306,0,-0.02,-0.11,-0.64,-1.625,-1.5625,308.6875,-0.018033,-0.011809
17.05.2026,03:06:57,99360,0,-0.06,-0.1,-0.67,-1.5625,-1.5625,308.75,-0.019205,-0.012562
17.05.2026,03:06:57,99414,0,-0.05,0.02,-0.65,-1.5625,-1.625,308.75,-0.022815,-0.013857
17.05.2026,03:06:57,99468,0,-0.02,0.06,-0.64,-1.6875,-1.625,308.75,-0.02451,-0.015305
17.05.2026,03:06:57,99522,0,0.01,0.02,-0.79,-1.875,-1.625,308.75,-0.023584,-0.016749
17.05.2026,03:06:57,99576,0,-0.01,-0.09,-0.6,-2,-1.5625,308.75,-0.022794,-0.017666
17.05.2026,03:06:57,99630,0,-0.01,-0.07,-0.66,-2.125,-1.5,308.6875,-0.023939,-0.019071
17.05.2026,03:06:57,99684,0,-0.1,-0.03,-0.72,-2.125,-1.5,308.6875,-0.026254,-0.0206
17.05.2026,03:06:57,99738,0,0,-0.23,-0.43,-2.125,-1.5,308.5625,-0.028535,-0.021713
17.05.2026,03:06:57,99792,0,-0.12,-0.07,-0.6,-1.9375,-1.6875,308.5,-0.035767,-0.023701
17.05.2026,03:06:57,99846,0,0.09,-0.06,-1.13,-1.875,-1.75,308.4375,-0.043079,-0.02615
17.05.2026,03:06:57,99900,0,-0.1,0.02,-0.61,-1.6875,-1.875,89.9375,-0.046967,-0.027991
17.05.2026,03:06:57,99954,0,0.09,0.12,-0.85,-1.4375,-1.875,89.875,-0.050663,-0.030971
17.05.2026,03:06:57,100008,0,0.03,0.14,-0.8,-1.3125,-1.9375,89.625,-0.050322,-0.034018
17.05.2026,03:06:57,100062,0,-0.13,0.29,-1.07,-1,-2.0625,89.5,-0.04459,-0.036835
17.05.2026,03:06:57,100116,0,0.29,0.02,-1.22,-0.8125,-2.0625,89.375,-0.039081,-0.038451
17.05.2026,03:06:57,100170,0,0.62,-0.18,-1.1,-0.6875,-2.1875,89.3125,-0.033459,-0.040549
17.05.2026,03:06:57,100224,0,0.03,-0.43,0.11,-0.4375,-2.5,89.1875,-0.035404,-0.042596
17.05.2026,03:06:57,100278,0,0.28,-0.69,-0.41,-0.375,-2.6875,89.125,-0.043151,-0.044228
17.05.2026,03:06:57,100332,0,0.04,-0.01,0.07,-0.125,-2.375,88.8125,-0.060334,-0.047511
17.05.2026,03:06:57,100386,0,0,0.14,-0.24,-0.25,-1.6875,88.5,-0.070641,-0.051583
17.05.2026,03:06:57,100440,0,-0.05,0.09,-0.55,-0.3125,-1.4375,88.3125,-0.072686,-0.054477
17.05.2026,03:06:57,100494,0,-0.12,-0.08,-0.54,-0.5625,-0.1875,87.9375,-0.073031,-0.058851
17.05.2026,03:06:57,100548,0,0.44,-0.58,-0.49,-0.8125,0.8125,87.625,-0.074247,-0.063286
17.05.2026,03:06:57,100602,0,0.62,-0.55,-0.82,-1.0625,0,87.5,-0.083713,-0.068049
17.05.2026,03:06:57,100656,0,0.7,0.1,-1.56,-1.1875,-2.375,87.8125,-0.09252,-0.071672
17.05.2026,03:06:57,100710,0,0.84,0.25,-0.6,-0.9375,-4.25,88.375,-0.096773,-0.077452
17.05.2026,03:06:57,100764,0,0.09,0.65,-1.44,-0.6875,-4.5625,88.375,-0.090307,-0.083043
17.05.2026,03:06:57,100818,0,1.3,-0.31,-0.66,-0.375,-4.875,88.5625,-0.080936,-0.086377
17.05.2026,03:06:57,100872,0,0.52,-0.07,-1.12,-0.125,-4.8125,88.9375,-0.073827,-0.090896
17.05.2026,03:06:57,100926,0,-0.54,-0.27,-0.1,-0.125,-5,89,-0.073778,-0.095302
17.05.2026,03:06:57,100980,0,-0.25,-0.58,-1.03,-0.3125,-5.4375,89.125,-0.07855,-0.098384
17.05.2026,03:06:57,101034,0,-0.3,-0.15,-2.95,-0.25,-4.6875,89.1875,-0.094751,-0.10371
17.05.2026,03:06:57,101088,0,0.05,-0.78,-1.34,-0.1875,-2.75,89.1875,-0.119908,-0.110337
17.05.2026,03:06:57,101142,0,0.07,-0.36,0.62,-0.125,-2.1875,89.125,-0.153386,-0.118873
17.05.2026,03:06:57,101196,0,-0.37,0.06,1.56,-0.125,-2.625,89.0625,-0.172351,-0.125592
17.05.2026,03:06:57,101250,0,-0.54,0.51,1.1,0,-3.8125,89,-0.186737,-0.136591
17.05.2026,03:06:57,101304,0,-0.16,0.06,-0.26,0.625,-4.125,88.75,-0.180898,-0.14764
17.05.2026,03:06:57,101358,0,0.11,-0.22,-0.93,0.9375,-4.125,88.75,-0.173479,-0.154642
17.05.2026,03:06:57,101412,0,-0.4,-0.25,-0.22,2.0625,-4.5,88.25,-0.172912,-0.164971
17.05.2026,03:06:57,101466,0,0,0.05,0.01,3.0625,-4.4375,88.125,-0.179685,-0.175615
17.05.2026,03:06:57,101520,0,-0.29,0.05,0.29,3.375,-4.5,88.125,-0.182802,-0.182902
17.05.2026,03:06:57,101574,0,0.28,0.24,-1.62,3.625,-4.875,88.1875,-0.182342,-0.193893
17.05.2026,03:06:57,101628,0,0.81,0.29,-2.72,3.5625,-4.875,88.3125,-0.174227,-0.204534
17.05.2026,03:06:57,101682,0,-0.05,0.37,-1.89,3.25,-4.625,88.5625,-0.161907,-0.214509
17.05.2026,03:06:57,101736,0,-0.41,0.33,0.15,2.5,-4.375,88.875,-0.149685,-0.220631
17.05.2026,03:06:57,101790,0,-0.63,0.35,1.03,2.125,-4.4375,88.9375,-0.128388,-0.228757
17.05.2026,03:06:57,101844,0,-0.52,0.21,-0.53,1.4375,-4.375,88.9375,-0.111708,-0.235761
17.05.2026,03:06:57,101898,0,-0.47,-0.14,-0.35,0.875,-4.25,88.8125,-0.103529,-0.239972
17.05.2026,03:06:57,101952,0,-0.53,-0.28,-0.1,0.8125,-4.1875,88.8125,-0.101117,-0.246049
17.05.2026,03:06:57,102006,0,0.64,-0.1,-2.25,0.6875,-4.1875,88.5625,-0.107911,-0.252351
17.05.2026,03:06:57,102060,0,0,-0.01,-0.89,0.75,-4.1875,88.5625,-0.113275,-0.256832
17.05.2026,03:06:57,102114,0,-0.3,-0.13,-0.37,1,-4.1875,88.4375,-0.120577,-0.263904
17.05.2026,03:06:57,102168,0,0.92,-0.36,-1.84,1.375,-4.25,87.9375,-0.129161,-0.271477
17.05.2026,03:06:57,102222,0,0.7,-0.07,-2.34,1.5,-4.1875,87.875,-0.140475,-0.279688
17.05.2026,03:06:57,102276,0,-0.66,-0.39,0.49,1.8125,-4.1875,87.6875,-0.147772,-0.28552
17.05.2026,03:06:57,102330,0,-0.24,-0.96,0.03,2,-3.6875,87.75,-0.169094,-0.295137
17.05.2026,03:06:57,102384,0,1.02,-1.81,-1.68,2,-3.3125,87.8125,-0.215638,-0.306997
17.05.2026,03:06:57,102438,0,-0.96,-1.85,0.71,1.75,-1.125,87.9375,-0.26372,-0.317039
17.05.2026,03:06:57,102492,0,0.03,-1.32,-1.8,1.3125,2.6875,88.25,-0.34957,-0.336261
17.05.2026,03:06:57,102546,0,-0.28,-1.69,-0.3,0.9375,6,88.5,-0.436454,-0.360716
17.05.2026,03:06:57,102600,0,-0.42,-1.49,-0.49,0.4375,10.8125,88.875,-0.494199,-0.379912
17.05.2026,03:06:57,102654,0,1.76,-1.3,-2.49,-0.4375,14.3125,89.1875,-0.58037,-0.413001
17.05.2026,03:06:57,102708,0,0.29,-1.02,-1.85,-0.9375,14.875,89.3125,-0.664657,-0.451226
17.05.2026,03:06:57,102762,0,-0.32,-1.02,-1.31,-2.125,14.1875,89.5625,-0.73948,-0.494134
17.05.2026,03:06:57,102816,0,-0.76,-1.06,0.92,-2.9375,12.6875,89.6875,-0.785659,-0.525104
17.05.2026,03:06:57,102870,0,0.84,-0.78,-2.91,-4.3125,9.6875,90,-0.853067,-0.574945
17.05.2026,03:06:57,102924,0,-0.59,-0.84,0.33,-5.8125,6.625,90.4375,-0.913551,-0.628576
17.05.2026,03:06:57,102978,0,-1.1,-0.85,0.8,-6.4375,5.875,90.625,-0.951077,-0.666248
17.05.2026,03:06:57,103032,0,-0.82,-0.91,-0.33,-7.5625,5.625,91.125,-1.006018,-0.725507
17.05.2026,03:06:57,103086,0,-0.97,-0.73,1.32,-8.6875,7,91.5625,-1.060745,-0.788063
17.05.2026,03:06:57,103140,0,0.88,-1.07,-0.52,-9.1875,7.9375,91.75,-1.096153,-0.831554
17.05.2026,03:06:57,103194,0,-0.11,-0.49,-2.24,-10.125,10.0625,92.125,-1.150998,-0.899529
17.05.2026,03:06:57,103248,0,-0.87,-0.72,-0.46,-10.4375,10.8125,92.25,-1.199374,-0.970549
17.05.2026,03:06:57,103302,0,1.04,-0.57,-3.37,-11.0625,11.5625,92.5625,-1.244911,-1.044343
17.05.2026,03:06:57,103356,0,-1.06,-0.7,0.18,-11.6875,11.375,92.8125,-1.272903,-1.094984
17.05.2026,03:06:57,103410,0,1.53,-0.92,-2.04,-11.875,11.0625,92.9375,-1.314415,-1.173007
17.05.2026,03:06:57,103464,0,0.98,-0.67,-2.5,-12.3125,10.0625,93.125,-1.360628,-1.253708
17.05.2026,03:06:57,103518,0,-0.95,-0.64,0.31,-12.5625,9.4375,93.1875,-1.390302,-1.30903
17.05.2026,03:06:57,103572,0,1.32,-0.81,-1.42,-12.625,9.3125,93.1875,-1.431725,-1.394106
17.05.2026,03:06:57,103626,0,1.01,-0.56,-2.48,-12.875,9.5625,93.125,-1.469312,-1.481547
17.05.2026,03:06:57,103680,0,-0.35,-0.53,1.3,-13,10.125,93,-1.492496,-1.541017
17.05.2026,03:06:57,103734,0,1.01,-0.71,-1.09,-13.125,10.5,92.875,-1.526512,-1.631925
17.05.2026,03:06:57,103788,0,1.1,-0.6,-1.94,-13.3125,11.1875,92.6875,-1.56167,-1.724935
17.05.2026,03:06:57,103842,0,-0.49,-0.45,1.36,-13.4375,11.6875,92.4375,-1.595553,-1.82
17.05.2026,03:06:57,103896,0,0.87,-0.61,-0.8,-13.5625,11.875,92.3125,-1.616878,-1.884462
17.05.2026,03:06:57,103950,0,-0.93,-0.43,1.35,-13.75,12.125,92,-1.649095,-1.982775
17.05.2026,03:06:57,104004,0,0.07,-0.41,0.54,-13.8125,12.125,91.8125,-1.678259,-2.0829
17.05.2026,03:06:57,104058,0,-0.05,-0.26,-2.18,-13.9375,12.1875,91.5,-1.69587,-2.150563
17.05.2026,03:06:57,104112,0,-1.01,-0.43,1.08,-14.0625,12.0625,91.125,-1.719299,-2.253261
17.05.2026,03:06:57,104166,0,0,-0.36,0.35,-14.0625,12.0625,90.875,-1.742813,-2.357356
17.05.2026,03:06:57,104220,0,-1.17,-0.33,0.59,-14.1875,12.125,90.4375,-1.75966,-2.427568
17.05.2026,03:06:57,104274,0,-0.96,-0.35,1.21,-14.1875,12.25,90,-1.785185,-2.534176
17.05.2026,03:06:57,104328,0,0.55,-0.35,-2.2,-14.1875,12.375,89.75,-1.809071,-2.642251
17.05.2026,03:06:57,104382,0,-1.16,-0.37,1.11,-14.25,12.625,89.1875,-1.830604,-2.751666
17.05.2026,03:06:57,104436,0,-1.15,-0.31,1.36,-14.1875,12.9375,88.625,-1.844571,-2.825311
17.05.2026,03:06:57,104490,0,0.56,-0.23,-2.31,-14.1875,13.25,88.3125,-1.864147,-2.936774
17.05.2026,03:06:57,104544,0,-1.18,-0.31,1.09,-14.125,13.4375,87.8125,-1.881276,-3.049318
17.05.2026,03:06:57,104598,0,0.66,-0.35,-1.82,-14,13.4375,87.5625,-1.892757,-3.124912
17.05.2026,03:06:57,104652,0,0.21,-0.21,-1.95,-13.9375,13.375,87.125,-1.910252,-3.239188
17.05.2026,03:06:57,104706,0,-0.29,-0.16,0.52,-13.8125,13.4375,86.6875,-1.925413,-3.354417
17.05.2026,03:06:57,104760,0,0.72,-0.33,-1.98,-13.8125,13.5,86.5,-1.934741,-3.431713
17.05.2026,03:06:57,104814,0,-1.13,-0.27,0.73,-13.6875,13.375,86.25,-1.950052,-3.54841
17.05.2026,03:06:57,104868,0,0.02,-0.15,-0.13,-13.75,13.125,86,-1.964485,-3.666002
17.05.2026,03:06:57,104922,0,0.38,-0.29,-2.19,-13.8125,13,85.9375,-1.977484,-3.784383
17.05.2026,03:06:57,104976,0,-0.45,-0.22,1.03,-13.9375,12.75,85.75,-1.98653,-3.863756
17.05.2026,03:06:57,105030,0,-0.01,-0.01,-1.85,-14,12.5625,85.5625,-2.000426,-3.983492
17.05.2026,03:06:57,105084,0,0.33,-0.07,-2.13,-14.0625,12.5,85.4375,-2.011918,-4.104007
17.05.2026,03:06:57,105138,0,-0.03,-0.04,0.01,-14.125,12.375,85.4375,-2.018219,-4.18467
17.05.2026,03:06:57,105192,0,0.62,-0.27,-1.93,-14.125,12.25,85.5,-2.026633,-4.306107
17.05.2026,03:06:57,105246,0,-0.32,-0.07,0.77,-14.0625,12.125,85.5625,-2.034379,-4.428025
17.05.2026,03:06:57,105300,0,0.03,0,-0.3,-13.9375,11.75,85.75,-2.038639,-4.509529
17.05.2026,03:06:57,105354,0,0.77,-0.12,-2.35,-13.9375,11.625,85.875,-2.043642,-4.632057
17.05.2026,03:06:57,105408,0,0.03,-0.08,0.56,-13.6875,11.1875,86.125,-2.047858,-4.754847
17.05.2026,03:06:57,105462,0,-0.61,-0.21,0.89,-13.5625,10.875,86.375,-2.053586,-4.877925
17.05.2026,03:06:57,105516,0,-0.62,0.02,0.97,-13.5625,10.75,86.4375,-2.059335,-4.960244
17.05.2026,03:06:57,105570,0,0.32,-0.01,0.06,-13.375,10.625,86.75,-2.065271,-5.084047
17.05.2026,03:06:57,105624,0,-0.72,-0.07,0.79,-13.3125,10.6875,86.9375,-2.070626,-5.208164
17.05.2026,03:06:57,105678,0,-0.03,-0.01,0.81,-13.1875,10.75,87.125,-2.074916,-5.291121
17.05.2026,03:06:57,105732,0,-0.46,-0.14,0.77,-13,10.8125,87.3125,-2.078946,-5.415789
17.05.2026,03:06:57,105786,0,-0.38,-0.11,-0.32,-13,10.8125,87.4375,-2.083045,-5.540681
17.05.2026,03:06:57,105840,0,0.04,-0.03,0.69,-12.875,10.6875,87.6875,-2.086681,-5.62411
17.05.2026,03:06:57,105894,0,-0.74,-0.14,0.9,-12.75,10.5625,87.875,-2.092123,-5.749529
17.05.2026,03:06:57,105948,0,-0.72,-0.08,0.7,-12.75,10.5625,88,-2.098391,-5.875304
17.05.2026,03:06:57,106002,0,0.69,0.01,-2.08,-12.75,10.4375,88.1875,-2.102962,-6.001404
17.05.2026,03:06:57,106056,0,-0.76,0,0.95,-12.8125,10.4375,88.4375,-2.104708,-6.085577
17.05.2026,03:06:57,106110,0,-0.02,0.17,0.57,-12.75,10.375,88.5625,-2.105974,-6.211921
17.05.2026,03:06:57,106164,0,0.5,0.15,-2.2,-12.8125,10.5,88.6875,-2.105003,-6.338244
17.05.2026,03:06:57,106218,0,-0.71,-0.03,-0.1,-12.875,10.5625,88.75,-2.102998,-6.422385
17.05.2026,03:06:57,106272,0,0.24,0.09,0,-13,10.8125,88.9375,-2.101246,-6.548491
17.05.2026,03:06:57,106326,0,-0.65,-0.01,0.94,-13.125,10.9375,89.0625,-2.098792,-6.674468
17.05.2026,03:06:57,106380,0,-0.64,-0.03,0.29,-13.1875,11,89.0625,-2.097831,-6.758388
17.05.2026,03:06:57,106434,0,0.53,0.03,-2.2,-13.4375,11.3125,89.125,-2.097704,-6.884248
17.05.2026,03:06:57,106488,0,-0.56,0.02,0.72,-13.5625,11.5625,89.0625,-2.096183,-7.010068
17.05.2026,03:06:57,106542,0,0.66,0.06,-2.5,-13.6875,11.625,89.0625,-2.092833,-7.135704
17.05.2026,03:06:57,106596,0,-0.08,0.2,-1.79,-13.9375,11.625,89.0625,-2.089577,-7.219325
17.05.2026,03:06:57,106650,0,0.74,-0.1,-1.04,-14.0625,11.6875,89,-2.083077,-7.344433
17.05.2026,03:06:57,106704,0,0.54,0.01,-2.06,-14.25,11.75,89,-2.079907,-7.469278
17.05.2026,03:06:57,106758,0,-0.28,0.13,-1.67,-14.375,11.8125,88.875,-2.078716,-7.552438
17.05.2026,03:06:57,106812,0,0.9,-0.08,-1.99,-14.5625,11.9375,88.6875,-2.075137,-7.677038
17.05.2026,03:06:57,106866,0,0.09,0.08,-2.12,-14.625,11.9375,88.625,-2.071839,-7.801398
17.05.2026,03:06:57,106920,0,-0.76,0.05,0.87,-14.6875,11.875,88.5,-2.070381,-7.884226
17.05.2026,03:06:57,106974,0,0.46,0.2,-1.89,-14.75,11.875,88.3125,-2.067919,-8.008359
17.05.2026,03:06:57,107028,0,-6.82,-3.04,1.63,-12.4375,12.3125,87.8125,-2.065142,-8.132229
17.05.2026,03:06:57,107082,0,0.43,-0.25,-1.6,-7.25,12.6875,87.4375,-2.112648,-8.258016
17.05.2026,03:06:57,107136,0,0.57,0.11,-1.86,-5.9375,12.375,87.3125,-2.136778,-8.343268
17.05.2026,03:06:57,107190,0,13.3,2.56,8.18,-4.1875,11.375,87.125,-2.149691,-8.472179
17.05.2026,03:06:57,107244,0,1.35,0.14,-1.32,-3.3125,24.6875,87.3125,-2.126902,-8.600051
17.05.2026,03:06:57,107298,0,1.22,0.4,-2.28,-2.625,27.875,87.5625,-2.130033,-8.685236
17.05.2026,03:06:57,107352,0,1.81,-0.25,1.39,-1.25,28.4375,88.125,-2.125558,-8.81287
17.05.2026,03:06:57,107406,0,1.73,-0.27,1.34,-1.25,30,88.375,-2.127993,-8.940461
17.05.2026,03:06:57,107460,0,-0.93,0.28,0.34,-0.875,31.375,88.6875,-2.130012,-9.025654
17.05.2026,03:06:57,107514,0,-0.43,0.36,1.35,-0.5625,32.375,89,-2.11937,-9.153145
17.05.2026,03:06:57,107568,0,0.5,0.41,-2.72,-0.5,32.75,89.1875,-2.095355,-9.279346
17.05.2026,03:06:57,107622,0,0.11,0.06,-0.67,0,32.5,89.625,-2.079703,-9.404379
17.05.2026,03:06:57,107676,0,1.91,2,6.54,-0.5,31.75,89.6875,-2.073442,-9.487375
17.05.2026,03:06:57,107730,0,0.98,0.48,-1.57,-0.3125,31.5,89.8125,-2.038152,-9.61055
17.05.2026,03:06:57,107784,0,-1.19,0.06,0.19,-0.5625,32.125,89.6875,-2.000994,-9.731286
17.05.2026,03:06:57,107838,0,-0.25,-0.34,-0.92,-0.375,31.5,89.6875,-1.985276,-9.810835
17.05.2026,03:06:57,107892,0,0.63,0,-2.03,-0.5625,31.375,89.625,-1.977143,-9.929558
17.05.2026,03:06:57,107946,0,-3.68,-0.39,-2.97,-0.75,30.25,89.4375,-1.975384,-10.0481
17.05.2026,03:06:57,108000,0,0.39,0.08,-2.19,-0.625,30.125,89.3125,-1.979414,-10.12722
17.05.2026,03:06:57,108054,0,0.7,0.1,-1.32,-0.8125,28.9375,89.1875,-1.983839,-10.24619
17.05.2026,03:06:57,108108,0,-0.29,0.31,0.38,-1.0625,28.5,89.125,-1.974073,-10.36497
17.05.2026,03:06:57,108162,0,0.54,-0.21,-4.16,-1.1875,28.75,89.125,-1.95856,-10.48273
17.05.2026,03:06:57,108216,0,-1,0.14,1.26,-1.25,28.5625,88.9375,-1.95459,-10.56095
17.05.2026,03:06:57,108270,0,-1.05,-0.19,-2.14,-1.25,29,88.75,-1.946475,-10.67794
17.05.2026,03:06:57,108324,0,-0.07,-0.09,-0.77,-1.125,29.3125,88.6875,-1.940144,-10.79443
17.05.2026,03:06:57,108378,0,-0.56,0.31,1.55,-1.125,30.125,88.5625,-1.935228,-10.87191
17.05.2026,03:06:57,108432,0,0.64,-0.26,1.54,-0.9375,30.9375,88.6875,-1.932834,-10.98777
17.05.2026,03:06:57,108486,0,0.45,0.74,2.55,-1.0625,31.1875,88.6875,-1.947101,-11.10436
17.05.2026,03:06:57,108540,0,-1.29,-0.16,-1.53,-0.8125,32.1875,88.6875,-1.951044,-11.18235
17.05.2026,03:06:57,108594,0,0.97,0.23,-1.29,-0.6875,32.3125,88.625,-1.958898,-11.29973
17.05.2026,03:06:57,108648,0,-0.85,-0.17,0.74,-0.625,32.625,88.5625,-1.961125,-11.41738
17.05.2026,03:06:57,108702,0,-1.15,-0.46,1.9,-0.5625,32.8125,88.625,-1.956494,-11.53489
17.05.2026,03:06:57,108756,0,1.12,0.85,2.13,-0.625,32.75,88.625,-1.956328,-11.61316
17.05.2026,03:06:57,108810,0,-1,0.19,-0.06,-0.5625,32.625,88.75,-1.940391,-11.72996
17.05.2026,03:06:57,108864,0,1.13,0.3,-1.95,-0.6875,31.5,88.875,-1.919648,-11.84559
17.05.2026,03:06:57,108918,0,1.54,-0.11,-0.7,-0.875,31.125,89,-1.905787,-11.92195
17.05.2026,03:06:57,108972,0,-0.28,-0.35,0.54,-1,30.5625,89.0625,-1.893671,-12.03579
17.05.2026,03:06:57,109026,0,1.66,-0.17,-1.75,-1.0625,29.8125,89.1875,-1.895719,-12.14941
17.05.2026,03:06:57,109080,0,0.22,0.38,1.02,-1.125,29,89.1875,-1.901412,-12.22542
17.05.2026,03:06:57,109134,0,-0.29,0.69,1.45,-1.625,28.3125,89.0625,-1.900135,-12.33948
17.05.2026,03:06:57,109188,0,-0.84,0.12,3.25,-1.5625,27.5,89.0625,-1.891994,-12.45317
17.05.2026,03:06:57,109242,0,0.61,0.12,-2.24,-1.8125,27.9375,89,-1.884895,-12.56641
17.05.2026,03:06:57,109296,0,0.5,-0.05,-0.09,-1.8125,27.75,89,-1.879905,-12.64165
17.05.2026,03:06:57,109350,0,-1.78,-0.04,2.33,-1.75,27.5625,89,-1.874977,-12.75423
17.05.2026,03:06:57,109404,0,-0.96,0.09,-0.33,-1.75,28.125,89.0625,-1.874405,-12.86669
17.05.2026,03:06:57,109458,0,0.82,-0.33,2.22,-1.5625,28.375,89.25,-1.875483,-12.94169
17.05.2026,03:06:57,109512,0,-0.79,-0.01,0.04,-1.6875,28.6875,89.3125,-1.882744,-13.05449
17.05.2026,03:06:57,109566,0,-0.5,0.46,1.19,-1.5625,28.5625,89.5,-1.889808,-13.16776
17.05.2026,03:06:57,109620,0,0.58,0,0.45,-1.625,29.625,89.6875,-1.884649,-13.24323
17.05.2026,03:06:57,109674,0,2.97,-0.27,-1.47,-1.5,28.75,89.8125,-1.868085,-13.35559
17.05.2026,03:06:57,109728,0,-0.37,0.13,-0.74,-1.4375,28.6875,90.0625,-1.864401,-13.4675
17.05.2026,03:06:57,109782,0,0.63,0.31,-0.51,-1.5625,28.3125,90.3125,-1.859196,-13.57918
17.05.2026,03:06:57,109836,0,0.76,1.14,-0.94,-1.5625,28.1875,90.5625,-1.850717,-13.65332
17.05.2026,03:06:57,109890,0,-2.67,-0.03,-4.51,-1.625,27.6875,91.0625,-1.824758,-13.7633
17.05.2026,03:06:57,109944,0,1.45,0.42,0.66,-1.625,27,91.3125,-1.806713,-13.87206
17.05.2026,03:06:57,109998,0,0.66,0.25,-3.2,-1.6875,25.8125,91.75,-1.789088,-13.94383
17.05.2026,03:06:57,110052,0,0.2,0.44,1.77,-2.125,24,91.9375,-1.761721,-14.05003
17.05.2026,03:06:57,110106,0,1.32,0.21,-1.79,-2.125,23.375,92,-1.740035,-14.15485
17.05.2026,03:06:57,110160,0,-0.31,-0.43,0.37,-2.3125,22.8125,91.875,-1.723046,-14.22396
17.05.2026,03:06:57,110214,0,1.22,1.38,5.83,-2.4375,23,91.75,-1.706079,-14.32656
17.05.2026,03:06:57,110268,0,1.05,-0.1,-2.39,-2.3125,22.75,91.75,-1.68193,-14.42806
17.05.2026,03:06:57,110322,0,-1.4,-0.21,-2.35,-2.375,20.5,91.5625,-1.662972,-14.52816
17.05.2026,03:06:57,110376,0,-0.06,-0.24,0.67,-2.6875,19.875,91.4375,-1.65859,-14.59453
17.05.2026,03:06:57,110430,0,0.2,1.17,-0.48,-2.8125,19.5625,91.375,-1.636292,-14.69331
17.05.2026,03:06:57,110484,0,-1.35,0.07,-0.9,-2.875,19.8125,91.25,-1.60107,-14.78999
17.05.2026,03:06:57,110538,0,-0.77,0.32,0.46,-2.8125,20.5625,91.125,-1.586549,-14.85359
17.05.2026,03:06:57,110592,0,0.28,0.09,-2.42,-2.4375,22.5625,90.875,-1.557449,-14.94773
17.05.2026,03:06:57,110646,0,-0.52,0.76,2.29,-2.0625,24.6875,90.75,-1.534487,-15.04016
17.05.2026,03:06:57,110700,0,-0.35,-0.17,3.18,-1.625,25.625,90.625,-1.524276,-15.10123
17.05.2026,03:06:57,110754,0,-0.99,-0.04,0.48,-1.5,27,90.5,-1.517496,-15.19237
17.05.2026,03:06:57,110808,0,0.29,-0.13,0.65,-1.4375,27.6875,90.4375,-1.514729,-15.28332
17.05.2026,03:06:57,110862,0,1.02,-0.18,-0.9,-1.4375,27.5,90.4375,-1.514403,-15.37416
17.05.2026,03:06:57,110916,0,-0.27,-0.21,-0.29,-1.4375,27.3125,90.5625,-1.514542,-15.43475
17.05.2026,03:06:57,110970,0,1.31,-0.09,-4.34,-1.5,26.875,90.8125,-1.513095,-15.52558
17.05.2026,03:06:57,111024,0,-0.79,-0.19,3.45,-1.5625,26.875,90.875,-1.511768,-15.61628
17.05.2026,03:06:57,111078,0,-0.18,-0.22,1.4,-1.5625,26.875,91,-1.513627,-15.67681
17.05.2026,03:06:57,111132,0,0.25,-0.88,0.16,-1.4375,26.75,91,-1.521204,-15.76788
17.05.2026,03:06:57,111186,0,-0.09,0.1,-2.47,-1.875,26.5625,90.875,-1.535725,-15.85975
17.05.2026,03:06:57,111240,0,-0.27,0.02,2.2,-2,27.125,90.75,-1.54224,-15.92137
17.05.2026,03:06:57,111294,0,-0.23,-0.38,-2.67,-2.0625,27.3125,90.75,-1.552946,-16.01435
17.05.2026,03:06:57,111348,0,1.42,-0.65,-4.38,-2.0625,30.5625,90.6875,-1.561311,-16.10792
17.05.2026,03:06:57,111402,0,-0.05,-1.26,-0.34,-1.6875,27.1875,90.5,-1.572523,-16.20204
17.05.2026,03:06:57,111456,0,-0.54,0.04,0.45,-2.125,27.5625,90.4375,-1.589751,-16.26545
17.05.2026,03:06:57,111510,0,-1.39,-0.34,-0.39,-2.125,26.9375,90.1875,-1.607432,-16.36158
17.05.2026,03:06:57,111564,0,-1.27,-0.33,2.19,-1.8125,26.75,90.1875,-1.624422,-16.4587
17.05.2026,03:06:57,111618,0,-0.42,-0.03,0.11,-1.875,26.5625,90.0625,-1.636306,-16.52404
17.05.2026,03:06:57,111672,0,-1.26,0.11,-0.37,-1.875,24.9375,90,-1.647699,-16.62271
17.05.2026,03:06:57,111726,0,-0.56,2.53,3.61,-2.125,24.375,89.9375,-1.633053,-16.72129
17.05.2026,03:06:57,111780,0,0.37,-0.2,-2.19,-1.9375,24.5625,89.9375,-1.60973,-16.78586
17.05.2026,03:06:57,111834,0,1.82,0.17,-0.16,-1.9375,25.5625,90,-1.600598,-16.88197
17.05.2026,03:06:57,111888,0,-0.24,-0.41,-0.85,-2.0625,26.125,90.1875,-1.600684,-16.97801
17.05.2026,03:06:57,111942,0,1.75,-0.18,-2.38,-2.0625,26.1875,90.6875,-1.595601,-17.0739
17.05.2026,03:06:57,111996,0,-0.86,-0.29,0.16,-2,26.6875,91.125,-1.593353,-17.13765
17.05.2026,03:06:57,112050,0,3.36,0.51,-1.1,-2.25,27.375,91.5,-1.594291,-17.23328
17.05.2026,03:06:57,112104,0,1.81,-0.07,-4.21,-2.125,26.625,91.875,-1.600698,-17.32913
17.05.2026,03:06:57,112158,0,-1.01,0.21,3.68,-2.1875,25.3125,92.125,-1.607379,-17.39335
17.05.2026,03:06:57,112212,0,1.04,-0.6,-0.69,-2.3125,25.125,92.125,-1.615587,-17.49015
17.05.2026,03:06:57,112266,0,-0.61,-0.12,-0.97,-2.5,24.4375,92.0625,-1.628407,-17.58761
17.05.2026,03:06:57,112320,0,-2.31,0.42,6.36,-2.5,23.5625,92.0625,-1.634213,-17.65293
17.05.2026,03:06:57,112374,0,-0.02,0.17,0.87,-2.6875,23.1875,91.9375,-1.632311,-17.75093
17.05.2026,03:06:57,112428,0,-0.78,-0.04,3.21,-2.6875,23.0625,91.8125,-1.624369,-17.8486
17.05.2026,03:06:57,112482,0,-3.22,0.75,-3.21,-2.75,23.25,91.75,-1.609361,-17.94551
17.05.2026,03:06:57,112536,0,1.42,0.64,-1.15,-2.625,23.3125,91.8125,-1.597743,-18.00952
17.05.2026,03:06:57,112590,0,-2.16,0.58,-2.19,-2.4375,23.875,91.8125,-1.583885,-18.1048
17.05.2026,03:06:57,112644,0,-2.35,0.26,3.31,-2.3125,23.9375,91.875,-1.568715,-18.19927
17.05.2026,03:06:57,112698,0,1.66,0.21,-0.68,-2.1875,24.125,92.0625,-1.554001,-18.26159
17.05.2026,03:06:57,112752,0,-0.22,-0.57,0.44,-2.1875,24.6875,92.25,-1.533712,-18.35395
17.05.2026,03:06:57,112806,0,0.94,-0.18,-4.98,-2.125,24.125,92.25,-1.537162,-18.44604
17.05.2026,03:06:57,112860,0,-1.33,0.98,6.16,-2.1875,23.6875,92.375,-1.54148,-18.50766
17.05.2026,03:06:57,112914,0,-0.72,-0.08,-4.21,-2.25,23.8125,92.4375,-1.531218,-18.59983
17.05.2026,03:06:57,112968,0,0.92,0.61,-2.27,-2.375,23.6875,92.5,-1.522005,-18.69132
17.05.2026,03:06:57,113022,0,-1.95,0.07,-5.29,-2.4375,23.125,92.5625,-1.505371,-18.782
17.05.2026,03:06:57,113076,0,-0.09,0.13,0.54,-2.4375,23.125,92.5625,-1.496017,-18.84192
17.05.2026,03:06:57,113130,0,1,0.03,-2.45,-2.4375,22.875,92.625,-1.484608,-18.93122
17.05.2026,03:06:57,113184,0,-0.67,-0.13,0.03,-2.3125,23.25,92.625,-1.472154,-19.01985
17.05.2026,03:06:57,113238,0,0.54,1.46,0.87,-2.3125,23,92.625,-1.45925,-19.07837
17.05.2026,03:06:57,113292,0,0.59,-0.25,-0.95,-2.125,22.875,92.625,-1.424145,-19.1645
17.05.2026,03:06:57,113346,0,-1.93,0.84,1.33,-2.3125,23.625,92.5,-1.406167,-19.24913
17.05.2026,03:06:57,113400,0,-0.97,-0.48,0.06,-1.9375,24,92.5,-1.39569,-19.30509
17.05.2026,03:06:57,113454,0,-1.07,-0.08,0.62,-1.5625,24.375,92.3125,-1.384373,-19.3883
17.05.2026,03:06:57,113508,0,-1.27,-0.19,0.81,-1.75,24.0625,92.0625,-1.38358,-19.4713
17.05.2026,03:06:57,113562,0,-1.29,0.59,-2.76,-2.3125,23.5625,91.625,-1.381827,-19.55429
17.05.2026,03:06:57,113616,0,-0.53,-0.12,-2.81,-2.25,25.6875,91.3125,-1.370529,-19.60925
17.05.2026,03:06:57,113670,0,-1.82,-0.2,0.37,-2.375,25.3125,91.125,-1.35489,-19.69078
17.05.2026,03:06:57,113724,0,0.69,-0.28,-1.65,-2.3125,23.8125,90.875,-1.359644,-19.77218
17.05.2026,03:06:57,113778,0,0.23,0.59,-2.63,-2.5,23.25,90.5,-1.36448,-19.82674
17.05.2026,03:06:57,113832,0,-1.6,0.69,0.57,-2.5,23.125,90.3125,-1.349093,-19.90806
17.05.2026,03:06:57,113886,0,0.95,0.29,-2.92,-2.5,23.4375,89.9375,-1.324259,-19.98801
17.05.2026,03:06:57,113940,0,-0.21,0.76,1.01,-2.4375,23.25,89.8125,-1.30835,-20.04051
17.05.2026,03:06:57,113994,0,-0.56,0.17,0.29,-2.5625,23.4375,89.5,-1.281048,-20.11789
17.05.2026,03:06:57,114048,0,0.95,0.31,-1.76,-2.375,24,89.125,-1.265988,-20.19406
17.05.2026,03:06:57,114102,0,0.28,1.46,-0.08,-2.4375,24.75,89,-1.249341,-20.26951
17.05.2026,03:06:57,114156,0,0.73,-0.16,-0.32,-1.6875,25.9375,88.625,-1.231138,-20.31891
17.05.2026,03:06:57,114210,0,-1.04,0.34,1.56,-1.8125,26.75,88.3125,-1.222889,-20.39233
17.05.2026,03:06:57,114264,0,-0.59,0.47,0.41,-2,27.5625,88.125,-1.219806,-20.46565
17.05.2026,03:06:57,114318,0,1.3,-0.4,-2.06,-1.4375,29.5,88,-1.208564,-20.51413
17.05.2026,03:06:57,114372,0,-2.23,-0.46,4.37,-1.3125,30.1875,87.9375,-1.191429,-20.58596
17.05.2026,03:06:57,114426,0,-2.3,-0.18,0.38,-0.75,30.75,88,-1.183807,-20.65705
17.05.2026,03:06:57,114480,0,0.41,-0.21,-0.47,-0.875,30.875,88,-1.185172,-20.70444
17.05.2026,03:06:57,114534,0,-1.21,0.16,2.33,-0.375,30.625,88.1875,-1.175513,-20.77546
17.05.2026,03:06:57,114588,0,-0.65,-0.46,0.33,-0.1875,30.875,88.375,-1.110392,-20.84319
17.05.2026,03:06:57,114642,0,1.14,0.12,-1.53,-0.4375,28.875,88.5625,-1.084586,-20.90867
17.05.2026,03:06:57,114696,0,-0.73,-0.07,0.58,-0.875,27.8125,88.625,-1.074699,-20.95175
17.05.2026,03:06:57,114750,0,-1.03,1.09,-5.14,-1.9375,27.25,88.625,-1.06628,-21.0159
17.05.2026,03:06:57,114804,0,2.06,-0.07,-1.32,-1.625,26.3125,88.875,-1.045844,-21.07903
17.05.2026,03:06:57,114858,0,0.13,0.16,-1.7,-1.8125,26.125,88.875,-1.037692,-21.12062
17.05.2026,03:06:57,114912,0,0.59,0.79,0.5,-1.875,26,88.9375,-1.021611,-21.18231
17.05.2026,03:06:57,114966,0,-0.41,0.68,0.07,-2,26.375,88.875,-0.991389,-21.24243
17.05.2026,03:06:57,115020,0,4.14,-1.26,-2.99,-1.75,26.5625,88.8125,-0.971961,-21.28147
17.05.2026,03:06:57,115074,0,-0.03,0.8,-1.02,-1.8125,32.5,88.5,-0.964305,-21.33956
17.05.2026,03:06:57,115128,0,0.02,1.02,-0.75,-2.125,31.875,88.0625,-0.935264,-21.39631
17.05.2026,03:06:57,115182,0,-0.1,0.69,-0.86,-2.1875,28.4375,87.6875,-0.894212,-21.45083
17.05.2026,03:06:57,115236,0,-1.65,-0.24,0.12,-2.4375,26.6875,87.125,-0.863063,-21.48568
17.05.2026,03:06:57,115290,0,0.14,0.71,-1.2,-2.5625,26.8125,86.8125,-0.828782,-21.53599
17.05.2026,03:06:57,115344,0,1.2,0.59,-0.6,-2.875,24.4375,86,-0.789513,-21.58421
17.05.2026,03:06:57,115398,0,-0.33,0.38,-0.31,-3.125,23.5625,85.5,-0.761224,-21.61495
17.05.2026,03:06:57,115452,0,0.12,1.12,-0.43,-3.25,23.375,85.1875,-0.72034,-21.65896
17.05.2026,03:06:57,115506,0,0.04,0.85,0.34,-3.375,23.4375,84.75,-0.676107,-21.70042
17.05.2026,03:06:57,115560,0,-0.14,0.75,0.35,-3.3125,23.125,84.4375,-0.645784,-21.72655
17.05.2026,03:06:57,115614,0,0.34,0.53,0.11,-3.4375,23.9375,84.375,-0.602842,-21.76358
17.05.2026,03:06:57,115668,0,1.03,0.61,0.19,-3.4375,23.375,84.3125,-0.564708,-21.79819
17.05.2026,03:06:57,115722,0,0.96,1.68,1.15,-3.5,23.4375,84.25,-0.520167,-21.83042
17.05.2026,03:06:57,115776,0,-0.01,0.47,-1.65,-3.1875,22.8125,84.3125,-0.48487,-21.85014
17.05.2026,03:06:57,115830,0,0.73,0.83,-0.6,-3.375,21.6875,84.4375,-0.44314,-21.87752
17.05.2026,03:06:57,115884,0,0.03,0.26,-1.03,-3.5625,21.3125,84.5625,-0.40751,-21.90265
17.05.2026,03:06:57,115938,0,0.23,0.37,0.43,-3.8125,20.6875,84.8125,-0.388094,-21.91836
17.05.2026,03:06:57,115992,0,-0.09,0.17,-0.51,-3.8125,20.4375,85.25,-0.362785,-21.9406
17.05.2026,03:06:57,116046,0,-0.09,0.31,-0.81,-3.8125,20.1875,85.5,-0.343479,-21.96158
17.05.2026,03:06:57,116100,0,0.46,0.42,0.13,-3.9375,22.125,86,-0.308954,-21.97439
17.05.2026,03:06:57,116154,0,0.25,0.31,-0.72,-4,22.5625,86.4375,-0.244555,-21.99019
17.05.2026,03:06:57,116208,0,0.06,0.22,-0.74,-4.125,21.8125,86.625,-0.204928,-22.00321
17.05.2026,03:06:57,116262,0,-0.76,1.2,5.96,-4.0625,17.75,87.0625,-0.174622,-22.0143
17.05.2026,03:06:57,116316,0,-2.82,-0.11,-5.89,-4.125,17.6875,87.1875,-0.148602,-22.0205
17.05.2026,03:06:57,116370,0,0,0.8,-0.81,-4.1875,17.6875,87.375,-0.11542,-22.0281
17.05.2026,03:06:57,116424,0,0.06,0.07,0.3,-4.0625,17.75,87.5625,-0.077036,-22.0335
17.05.2026,03:06:57,116478,0,-0.13,0.32,-0.94,-4,17.8125,87.625,-0.057343,-22.03598
17.05.2026,03:06:57,116532,0,-0.09,0.11,-0.56,-3.9375,18.5625,87.8125,-0.032229,-22.0384
17.05.2026,03:06:57,116586,0,0.09,0.34,-0.26,-3.5625,19.3125,88,-0.005069,-22.03935
17.05.2026,03:06:57,116640,0,-0.01,0.13,-0.44,-3.25,19.75,88.1875,0.019152,-22.03881
17.05.2026,03:06:57,116694,0,0.1,0.24,-0.88,-3.0625,19.75,88.4375,0.044898,-22.0366
17.05.2026,03:06:57,116748,0,-0.08,0.26,-0.57,-2.875,21.3125,88.75,0.063988,-22.0331
17.05.2026,03:06:57,116802,0,0.11,0.22,-0.69,-2.8125,21.0625,88.875,0.0789,-22.02867
17.05.2026,03:06:57,116856,0,0.29,0.51,-0.78,-2.625,19.625,89.1875,0.088384,-22.02522
17.05.2026,03:06:57,116910,0,-0.4,0.75,1.41,-2.8125,18.5,89.4375,0.104333,-22.01928
17.05.2026,03:06:57,116964,0,0.07,0.69,-1.16,-3,18.1875,89.5,0.127238,-22.01217
17.05.2026,03:06:57,117018,0,-0.25,-0.08,-0.59,-3.0625,17.25,89.75,0.147104,-22.00648
17.05.2026,03:06:57,117072,0,0.09,1.1,0.1,-3.125,17.3125,89.875,0.170576,-21.99669
17.05.2026,03:06:57,117126,0,0.08,0.41,-0.51,-3.5625,17.5,90,0.19447,-21.98548
17.05.2026,03:06:57,117180,0,-0.05,0.18,-0.54,-3.875,17.625,90.3125,0.209761,-21.97724
17.05.2026,03:06:57,117234,0,-0.04,0.01,-0.65,-4,17.375,90.375,0.22922,-21.96384
17.05.2026,03:06:57,117288,0,-0.2,-0.43,-1.02,-4.375,16.5625,90.6875,0.24825,-21.94933
17.05.2026,03:06:57,117342,0,-0.04,0.06,-0.77,-4.5625,17.3125,91,0.255197,-21.93413
17.05.2026,03:06:57,117396,0,0,0.12,-0.69,-4.6875,17.1875,91.125,0.258871,-21.92382
17.05.2026,03:06:57,117450,0,-0.06,-0.01,-0.17,-4.5625,16,91.4375,0.263415,-21.90808
17.05.2026,03:06:57,117504,0,0.22,-0.24,0.54,-4.5,15.875,91.5625,0.263451,-21.89225
17.05.2026,03:06:57,117558,0,0.04,0.04,-0.46,-4.625,17,91.8125,0.262377,-21.88175
17.05.2026,03:06:57,117612,0,-0.2,0.11,-0.69,-4.6875,17,92,0.265095,-21.86593
17.05.2026,03:06:57,117666,0,-0.13,0.04,-0.6,-4.625,16.625,92.0625,0.271947,-21.84974
17.05.2026,03:06:57,117720,0,0.05,0.26,-0.99,-4.5625,17.3125,92.3125,0.273926,-21.8388
17.05.2026,03:06:57,117774,0,-0.53,0.73,1.19,-4.375,17.6875,92.4375,0.277622,-21.82224
17.05.2026,03:06:57,117828,0,0.25,-0.05,-0.01,-4.3125,18.375,92.5,0.291694,-21.80507
17.05.2026,03:06:57,117882,0,0.16,0.26,0.49,-4.125,19,92.625,0.308212,-21.78691
17.05.2026,03:06:57,117936,0,-0.02,1.5,0.15,-4.0625,19.375,92.75,0.318488,-21.77427
17.05.2026,03:06:57,117990,0,-0.35,0.01,-1.15,-4.0625,19.6875,92.75,0.349834,-21.75401
17.05.2026,03:06:57,118044,0,0.2,1.16,0.18,-4.125,20,92.875,0.376722,-21.73193
17.05.2026,03:06:57,118098,0,-0.31,0.32,0.36,-4.0625,19.9375,92.9375,0.400734,-21.71614
17.05.2026,03:06:57,118152,0,-0.02,0.39,0.25,-4.1875,19.5625,93,0.431905,-21.69082
17.05.2026,03:06:57,118206,0,-0.11,0.23,-0.26,-4.25,19.0625,93.125,0.457516,-21.66385
17.05.2026,03:06:57,118260,0,-0.11,0.32,-0.28,-4.3125,18.8125,93.1875,0.471355,-21.64513
17.05.2026,03:06:57,118314,0,-0.17,0.09,-0.56,-4.5,18.25,93.25,0.490073,-21.61608
17.05.2026,03:06:57,118368,0,-0.28,0.63,1.01,-4.625,17.625,93.375,0.504446,-21.5861
17.05.2026,03:06:57,118422,0,-0.3,0.53,0.32,-4.6875,17.625,93.4375,0.524628,-21.55507
17.05.2026,03:06:57,118476,0,-0.22,0.1,-0.84,-4.75,17.375,93.5625,0.538874,-21.53364
17.05.2026,03:06:57,118530,0,-0.19,0.27,-0.34,-4.6875,17.375,93.6875,0.555641,-21.50063
17.05.2026,03:06:57,118584,0,-0.08,0.17,0.03,-4.6875,17.4375,93.75,0.570915,-21.46667
17.05.2026,03:06:57,118638,0,0,0.1,-0.01,-4.6875,17.6875,93.875,0.579726,-21.44357
17.05.2026,03:06:57,118692,0,-0.05,0.17,-0.28,-4.625,18.125,94.0625,0.591229,-21.40832
17.05.2026,03:06:57,118746,0,-0.07,0.15,-0.13,-4.625,18.3125,94.125,0.602205,-21.3724
17.05.2026,03:06:57,118800,0,-0.12,0.15,-0.09,-4.625,18.75,94.3125,0.608576,-21.34812
17.05.2026,03:06:57,118854,0,-0.05,0.03,-0.16,-4.625,18.9375,94.375,0.617104,-21.31126
17.05.2026,03:06:57,118908,0,-0.04,0.28,-0.28,-4.625,19.1875,94.5625,0.626318,-21.27388
17.05.2026,03:06:57,118962,0,0,0.05,-0.21,-4.3125,19.25,94.8125,0.637662,-21.23584
17.05.2026,03:06:57,119016,0,0.04,0.15,-0.26,-4.25,19.1875,94.9375,0.643476,-21.21016
17.05.2026,03:06:57,119070,0,-0.13,0.12,-0.22,-4.3125,18.9375,95.125,0.652038,-21.17121
17.05.2026,03:06:57,119124,0,-0.14,0.17,-0.65,-4.5625,18.6875,95.375,0.660174,-21.13176
17.05.2026,03:06:57,119178,0,-0.07,0.21,-0.4,-4.5,18.5625,95.5,0.665876,-21.10518
17.05.2026,03:06:57,119232,0,0.03,0.31,-0.2,-4.625,18.25,95.8125,0.67552,-21.06485
17.05.2026,03:06:57,119286,0,-0.03,0.06,-0.18,-4.625,18.0625,96.0625,0.68731,-21.02385
17.05.2026,03:06:57,119340,0,-0.01,0.2,-0.19,-4.625,18,96.1875,0.694199,-20.99615
17.05.2026,03:06:57,119394,0,-0.09,0.16,-0.25,-4.625,17.875,96.5,0.704323,-20.95408
17.05.2026,03:06:57,119448,0,-0.12,0.11,-0.41,-4.625,17.875,96.625,0.713386,-20.91146
17.05.2026,03:06:57,119502,0,0,0.12,0.02,-4.625,17.875,96.875,0.721894,-20.86831
17.05.2026,03:06:57,119556,0,-0.09,0.16,-0.25,-4.5625,18,97.125,0.727157,-20.83928
17.05.2026,03:06:57,119610,0,-0.05,0.15,-0.13,-4.5625,18.125,97.25,0.735197,-20.79533
17.05.2026,03:06:57,119664,0,-0.05,0.11,-0.22,-4.5,18.3125,97.5625,0.743398,-20.75089
17.05.2026,03:06:57,119718,0,-0.05,0.2,-0.06,-4.4375,18.3125,97.8125,0.748583,-20.721
17.05.2026,03:06:57,119772,0,-0.03,0.07,-0.4,-4.4375,18.4375,97.9375,0.757404,-20.67573
17.05.2026,03:06:57,119826,0,-0.06,0.17,-0.05,-4.5,18.125,98.125,0.765437,-20.62997
17.05.2026,03:06:57,119880,0,-0.04,0.11,-0.32,-4.5625,17.8125,98.3125,0.771264,-20.59918
17.05.2026,03:06:57,119934,0,-0.06,0.17,-0.11,-4.5625,17.5,98.375,0.779564,-20.55257
17.05.2026,03:06:57,119988,0,-0.06,0.11,-0.28,-4.6875,17.1875,98.5,0.788232,-20.50545
17.05.2026,03:06:57,120042,0,-0.06,0.09,-0.32,-4.6875,17.0625,98.5625,0.795983,-20.45784
17.05.2026,03:06:57,120096,0,-0.06,0.16,-0.18,-4.6875,16.8125,98.625,0.801077,-20.42585
17.05.2026,03:06:57,120150,0,-0.09,0.15,-0.23,-4.6875,16.8125,98.6875,0.809186,-20.37746
17.05.2026,03:06:57,120204,0,-0.07,0.16,-0.14,-4.75,16.8125,98.75,0.817342,-20.32859
17.05.2026,03:06:57,120258,0,-0.12,0.11,-0.23,-4.75,17.125,98.6875,0.823035,-20.29572
17.05.2026,03:06:57,120312,0,-0.12,-0.03,-0.2,-4.75,17.4375,98.75,0.830274,-20.24604
17.05.2026,03:06:57,120366,0,-0.1,-0.01,-0.21,-4.75,17.6875,98.6875,0.833798,-20.19607
17.05.2026,03:06:57,120420,0,-0.08,0,-0.15,-4.6875,18.1875,98.75,0.834875,-20.16268
17.05.2026,03:06:57,120474,0,-0.06,0,-0.17,-4.625,18.4375,98.75,0.835717,-20.11255
17.05.2026,03:06:57,120528,0,-0.03,-0.03,-0.16,-4.5625,19,98.8125,0.836089,-20.06239
17.05.2026,03:06:57,120582,0,-0.06,-0.02,-0.13,-4.5,19.5,98.875,0.835584,-20.01224
17.05.2026,03:06:57,120636,0,0,-0.02,-0.16,-4.5,19.625,98.875,0.835006,-19.97884
17.05.2026,03:06:57,120690,0,0.07,0,-0.19,-4.5,19.3125,99.125,0.834602,-19.92876
17.05.2026,03:06:57,120744,0,0.08,0,-0.2,-4.5625,18.5625,99.3125,0.83456,-19.87868
17.05.2026,03:06:57,120798,0,0.07,0.01,-0.25,-4.5625,18.125,99.4375,0.834595,-19.8453
17.05.2026,03:06:57,120852,0,0,0,-0.25,-4.6875,17.25,99.5,0,-19.82861
17.05.2026,03:06:57,120906,0,-0.06,0.01,-0.21,-4.75,16.875,99.5,0,-19.82861
17.05.2026,03:06:57,120960,0,-0.05,0,-0.19,-4.75,16.5625,99.5,0,-19.82861
17.05.2026,03:06:57,121014,0,-0.09,0.05,-0.2,-4.75,16.1875,99.4375,0,-19.82861
17.05.2026,03:06:57,121068,0,-0.11,-0.02,-0.24,-4.8125,15.75,99.4375,0,-19.82861
17.05.2026,03:06:57,121122,0,-0.12,0.02,-0.2,-4.8125,15.625,99.4375,0,-19.82861
17.05.2026,03:06:57,121176,0,-0.11,0.01,-0.24,-4.8125,15.5,99.4375,0,-19.82861
17.05.2026,03:06:57,121230,0,-0.13,0.01,-0.22,-4.8125,15.4375,99.4375,0,-19.82861
17.05.2026,03:06:57,121284,0,-0.13,0.05,-0.22,-4.8125,15.4375,99.4375,0,-19.82861
17.05.2026,03:06:57,121338,0,-0.08,0.09,-0.2,-4.8125,15.75,99.4375,0,-19.82861
17.05.2026,03:06:57,121392,0,-0.02,0.12,-0.26,-4.75,15.875,99.4375,0.003528,-19.82847
17.05.2026,03:06:57,121446,0,0.07,0.09,-0.22,-4.75,16.1875,99.4375,0.008625,-19.82806
17.05.2026,03:06:57,121500,0,-0.2,0.12,-0.39,-4.75,16.125,99.4375,0.012131,-19.82761
17.05.2026,03:06:57,121554,0,-0.57,0.72,-0.26,-4.8125,15.25,99.5,0.018779,-19.82665
17.05.2026,03:06:57,121608,0,-0.66,-0.08,-0.31,-5.4375,10.4375,99.4375,0.034929,-19.82486
17.05.2026,03:06:57,121662,0,-0.34,0.05,0.69,-5.625,8.6875,99.5,0.043616,-19.8224
17.05.2026,03:06:57,121716,0,-0.06,-0.18,0.88,-5.6875,8.25,99.6875,0.046341,-19.82056
17.05.2026,03:06:57,121770,0,-0.16,-0.73,1.05,-5.5,10.9375,100.125,0.041817,-19.8179
17.05.2026,03:06:57,121824,0,-0.21,-0.08,0.84,-5.25,12.5,100.375,0.026393,-19.81602
17.05.2026,03:06:57,121878,0,-0.12,-0.09,0.63,-4.1875,15.5625,101.125,0.017426,-19.81523
17.05.2026,03:06:57,121932,0,-0.03,-0.19,0.05,-2.8125,16.875,101.875,0.007263,-19.81461
17.05.2026,03:06:57,121986,0,0.09,0.35,-0.51,-1.8125,17.375,102.3125,0.002396,-19.81442
17.05.2026,03:06:57,122040,0,0.38,0.35,-0.67,-0.3125,17.5,103,0.006116,-19.81422
17.05.2026,03:06:57,122094,0,0.35,0.63,0.04,1,16.5,103.9375,0.022834,-19.81328
17.05.2026,03:06:57,122148,0,0.07,0.49,-0.12,1.375,15.8125,104.375,0.053135,-19.81072
17.05.2026,03:06:57,122202,0,0.09,0.15,0.05,1.5,14.375,105.25,0.080825,-19.80639
17.05.2026,03:06:57,122256,0,-0.19,0.29,-0.29,1.6875,13.5625,106.125,0.094587,-19.80273
17.05.2026,03:06:57,122310,0,-0.25,0.67,-0.42,1.875,13.5625,106.4375,0.113262,-19.79633
17.05.2026,03:06:57,122364,0,-0.11,0.31,-0.37,2.5,13.875,107,0.138589,-19.78853
17.05.2026,03:06:57,122418,0,-0.25,0.23,-0.03,2.875,14.25,107.25,0.154232,-19.78251
17.05.2026,03:06:57,122472,0,-0.22,-1.4,0.45,3.8125,14.375,107.5,0.167455,-19.77261
17.05.2026,03:06:57,122526,0,0.07,-1.06,0.63,5.4375,15.0625,107.4375,0.140716,-19.76348
17.05.2026,03:06:57,122580,0,0.11,-1.33,0.71,6.1875,15.375,107.375,0.110457,-19.75874
17.05.2026,03:06:57,122634,0,0.19,-0.87,0.67,7.8125,15.5625,107,0.053186,-19.75438
17.05.2026,03:06:57,122688,0,0.12,-0.65,0.76,8.8125,15.3125,106.75,-0.002218,-19.75343
17.05.2026,03:06:57,122742,0,0.03,-0.47,0.98,9.0625,15.4375,106.6875,-0.049483,-19.7555
17.05.2026,03:06:57,122796,0,0.25,-0.62,1.03,9.125,16.9375,106.625,-0.071778,-19.75818
17.05.2026,03:06:57,122850,0,0.56,-1.02,1.23,8.5,17.6875,106.625,-0.103686,-19.76369
17.05.2026,03:06:57,122904,0,0.65,-0.54,1.15,8.125,17.8125,106.5625,-0.148296,-19.77167
17.05.2026,03:06:57,122958,0,0.17,0.11,1.54,7.5625,16.8125,106.125,-0.173319,-19.77837
17.05.2026,03:06:57,123012,0,0.12,0.32,1.38,7.4375,16.4375,105.75,-0.194037,-19.78969
17.05.2026,03:06:57,123066,0,0.11,0.45,0.65,7.5625,15.75,104.25,-0.193623,-19.8014
17.05.2026,03:06:57,123120,0,0.11,0.64,-0.71,7.625,14.5,102.5,-0.184804,-19.8089
17.05.2026,03:06:57,123174,0,-0.18,0.85,-0.44,7.375,11.9375,101.125,-0.159967,-19.81905
17.05.2026,03:06:57,123228,0,-0.32,1.26,-0.03,7.1875,8.25,99.3125,-0.120669,-19.82716
17.05.2026,03:06:57,123282,0,-0.07,0.75,-0.32,7.125,6.625,97.8125,-0.067425,-19.83228
17.05.2026,03:06:57,123336,0,0.06,0.69,-0.25,6.8125,6.125,97.25,-0.033489,-19.83395
17.05.2026,03:06:57,123390,0,0.11,0.7,-0.31,6.0625,4.6875,95.9375,0.01339,-19.83407
17.05.2026,03:06:57,123444,0,0.16,0.67,-0.37,5.1875,2.375,94.5625,0.057329,-19.8315
17.05.2026,03:06:57,123498,0,0.35,0.78,-0.72,4.75,2,94.0625,0.085613,-19.82835
17.05.2026,03:06:57,123552,0,-0.31,0.83,-1,4,1.0625,93.1875,0.127441,-19.82152
17.05.2026,03:06:57,123606,0,-0.68,0.79,-1.13,3.625,0.625,92.75,0.168739,-19.81224
17.05.2026,03:06:57,123660,0,-0.38,0.26,-0.84,2.9375,0,92.0625,0.19716,-19.80464
17.05.2026,03:06:57,123714,0,-0.14,0.05,-1.03,2.4375,-0.375,91.5,0.230957,-19.79139
17.05.2026,03:06:57,123768,0,-0.14,-0.17,-0.82,2.25,-1,91.25,0.25015,-19.7767
17.05.2026,03:06:57,123822,0,-0.04,-0.05,-0.8,1.625,-3.25,90.75,0.257704,-19.76136
17.05.2026,03:06:57,123876,0,-0.2,0.22,-0.74,0.6875,-5.125,90.5,0.259809,-19.75098
17.05.2026,03:06:57,123930,0,0.03,-0.05,-0.85,0.125,-5.625,90.375,0.265018,-19.7352
17.05.2026,03:06:57,123984,0,0.07,0.1,-1.22,-1.25,-6.1875,90.125,0.268554,-19.71915
17.05.2026,03:06:57,124038,0,-0.09,0.13,-1.32,-2,-6.5,89.875,0.271241,-19.70833
17.05.2026,03:06:57,124092,0,0.1,-0.15,-1.62,-3.8125,-6.625,89.125,0.275251,-19.69188
17.05.2026,03:06:57,124146,0,-0.26,-0.13,-1.91,-5.3125,-5.8125,88.1875,0.274094,-19.67539
17.05.2026,03:06:57,124200,0,-0.37,-0.01,-1.61,-5.9375,-5,87.625,0.271563,-19.6645
17.05.2026,03:06:57,124254,0,-0.14,-0.05,-1.34,-7,-1.4375,86.25,0.265806,-19.64841
17.05.2026,03:06:57,124308,0,0.11,-0.74,-0.88,-7.5625,2.8125,85,0.259483,-19.63272
17.05.2026,03:06:57,124362,0,0.03,-0.9,-0.85,-7.75,6.5625,84.0625,0.24259,-19.61773
17.05.2026,03:06:57,124416,0,0.8,-0.57,-1.52,-7.75,12.625,82.5,0.221213,-19.60865
17.05.2026,03:06:57,124470,0,0.7,-0.65,-1.21,-7.9375,12.6875,80.9375,0.185226,-19.59681
17.05.2026,03:06:57,124524,0,0.58,-0.65,-1.09,-8.125,9.875,80.375,0.14799,-19.58718
17.05.2026,03:06:57,124578,0,0.33,-0.2,-0.41,-8.75,2.6875,79.4375,0.125089,-19.58196
17.05.2026,03:06:57,124632,0,0.17,-0.15,-0.3,-9.3125,-1.25,78.875,0.099342,-19.57553
17.05.2026,03:06:57,124686,0,0.05,-0.33,-0.72,-10.125,-3.3125,77.9375,0.080218,-19.57035
17.05.2026,03:06:57,124740,0,0.69,-0.69,-1.82,-10.9375,-1.8125,76.625,0.066534,-19.56754
17.05.2026,03:06:57,124794,0,0.75,-0.99,-2.26,-11.375,-1.5,76.125,0.038543,-19.56462
17.05.2026,03:06:57,124848,0,0.46,-1.39,-2.77,-12.5625,-2.5625,74.9375,-0.009998,-19.56414
17.05.2026,03:06:57,124902,0,-0.07,-1.58,-2.64,-13.9375,-2.75,72.5,-0.075813,-19.56731
17.05.2026,03:06:57,124956,0,-0.3,-1.42,-2.48,-14.25,-1.5,70.9375,-0.126829,-19.57187
17.05.2026,03:06:57,125010,0,-0.3,-1.08,-1.72,-14.0625,4.25,66.5,-0.205055,-19.58262
17.05.2026,03:06:57,125064,0,0.36,-0.75,-0.64,-13.3125,9,62.75,-0.277752,-19.59785
17.05.2026,03:06:57,125118,0,0.51,-0.46,-0.24,-12.9375,9.875,61.0625,-0.321286,-19.61029
17.05.2026,03:06:57,125172,0,0.26,-0.36,0.69,-12.5625,6.5625,58.0625,-0.371625,-19.63164
17.05.2026,03:06:57,125226,0,-0.07,0.49,1.33,-12.8125,4.1875,55.875,-0.407,-19.65544
17.05.2026,03:06:57,125280,0,0.55,0.4,0.79,-12.9375,5.375,54.3125,-0.417157,-19.67206
17.05.2026,03:06:57,125334,0,1.15,-0.16,-1.05,-13.3125,9.375,52.0625,-0.418923,-19.69718
17.05.2026,03:06:57,125388,0,1.05,-0.32,-1.55,-13.5,10.1875,51.1875,-0.423461,-19.72246
17.05.2026,03:06:57,125442,0,0.62,-0.73,-1.43,-13.9375,5.3125,49.875,-0.439712,-19.74845
17.05.2026,03:06:57,125496,0,-0.17,-1.23,-0.52,-14,-0.875,48.75,-0.460873,-19.76665
17.05.2026,03:06:57,125550,0,-0.36,-1.06,-0.49,-13.875,-2.5625,47.4375,-0.508901,-19.79615
17.05.2026,03:06:57,125604,0,-0.49,-1.09,-0.35,-13.375,-0.625,44.9375,-0.565654,-19.82893
17.05.2026,03:06:57,125658,0,-0.04,-1.69,-0.22,-13.375,4.75,41.75,-0.606548,-19.85277
17.05.2026,03:06:57,125712,0,0.26,-1.59,0,-13.625,6.875,40.4375,-0.681303,-19.89208
17.05.2026,03:06:57,125766,0,0.79,-1.68,-0.12,-14.6875,8.5625,37.875,-0.767642,-19.93637
17.05.2026,03:06:57,125820,0,0.93,-1.55,0,-15.25,7.6875,37,-0.829188,-19.96892
17.05.2026,03:06:57,125874,0,0.93,-1.19,0.28,-16.5625,4.4375,35.5625,-0.92046,-20.02235
17.05.2026,03:06:57,125928,0,0.64,-1.08,0.43,-18.25,1.625,33.8125,-1.002883,-20.08091
17.05.2026,03:06:57,125982,0,0.69,-1.01,0.09,-18.9375,1.625,32.875,-1.076607,-20.14407
17.05.2026,03:06:57,126036,0,0.54,-1.25,-0.09,-20.125,2.9375,30.5,-1.122789,-20.18852
17.05.2026,03:06:57,126090,0,0.44,-1.14,-0.35,-20.5,3.75,28.625,-1.193382,-20.25871
17.05.2026,03:06:57,126144,0,0.3,-1.2,-0.51,-20.1875,3.875,27.8125,-1.263739,-20.33313
17.05.2026,03:06:57,126198,0,0.48,-0.97,-0.43,-19.1875,3.375,26.1875,-1.310378,-20.38508
17.05.2026,03:06:57,126252,0,0.55,-0.97,-0.44,-18.125,3.0625,24.625,-1.376062,-20.46636
17.05.2026,03:06:57,126306,0,0.55,-0.96,-0.15,-17.375,3.0625,23.5,-1.437119,-20.55137
17.05.2026,03:06:57,126360,0,0.55,-0.96,0.34,-17.0625,3.125,21.5625,-1.476942,-20.61006
17.05.2026,03:06:57,126414,0,0.24,-0.87,-0.03,-16.5,4.9375,19.125,-1.535828,-20.70103
17.05.2026,03:06:57,126468,0,0.13,-0.83,-0.26,-16.625,5.625,18.0625,-1.592404,-20.79546
17.05.2026,03:06:57,126522,0,0.1,-0.93,-0.64,-16.9375,6.3125,16.5,-1.64637,-20.89317
17.05.2026,03:06:57,126576,0,0.07,-0.93,-0.68,-16.875,6.125,15.9375,-1.68263,-20.96011
17.05.2026,03:06:57,126630,0,0.21,-0.84,-0.71,-16.4375,4.4375,15.0625,-1.73659,-21.06323
17.05.2026,03:06:57,126684,0,0.13,-0.9,-0.54,-15.8125,2.6875,14.4375,-1.789207,-21.16953
17.05.2026,03:06:57,126738,0,0.25,-1.17,-0.67,-15.5,2.375,14.0625,-1.825046,-21.24217
17.05.2026,03:06:57,126792,0,0.5,-1.26,-0.46,-15,2.875,13.1875,-1.886114,-21.35407
17.05.2026,03:06:57,126846,0,0.5,-0.98,-0.13,-13.6875,6.375,11.6875,-1.953151,-21.46992
17.05.2026,03:06:57,126900,0,0.59,-0.9,0,-13.4375,7.9375,10.9375,-1.996622,-21.54935
17.05.2026,03:06:57,126954,0,0.76,-0.63,-0.42,-12.5625,10.4375,9.0625,-2.056364,-21.67158
17.05.2026,03:06:57,127008,0,0.53,-0.69,-0.45,-11.9375,10.0625,7.6875,-2.10814,-21.79706
17.05.2026,03:06:57,127062,0,0.26,-0.68,-0.42,-11.9375,9,7.0625,-2.154995,-21.92544
17.05.2026,03:06:57,127116,0,0.12,-0.43,-0.26,-12.0625,6.75,5.625,-2.183458,-22.0125
17.05.2026,03:06:57,127170,0,0.07,-0.32,-0.27,-12.125,6.1875,5,-2.219823,-22.145
17.05.2026,03:06:57,127224,0,0.03,-0.36,0.02,-12.25,6.5625,3.4375,-2.247926,-22.27934
17.05.2026,03:06:57,127278,0,0.07,-0.46,-0.15,-11.75,8.3125,2,-2.265298,-22.36978
17.05.2026,03:06:57,127332,0,0.14,-0.54,-0.31,-11.5,9.5625,1.1875,-2.292258,-22.50677
17.05.2026,03:06:57,127386,0,0.36,-0.67,-0.64,-10.875,12.5,359.1875,-2.32226,-22.64548
17.05.2026,03:06:57,127440,0,0.59,-0.48,-0.87,-10.5625,13.8125,357.4375,-2.344667,-22.73904
17.05.2026,03:06:57,127494,0,0.6,-0.54,-0.61,-10.375,13.5,356.25,-2.377487,-22.88105
17.05.2026,03:06:57,127548,0,0.29,-0.71,-0.1,-9.9375,10.6875,354.5,-2.410451,-23.025
17.05.2026,03:06:57,127602,0,0.39,-1.3,-0.54,-8.75,4.5,352.4375,-2.450027,-23.17116
17.05.2026,03:06:57,127656,0,-0.26,-2.18,-1.38,-8.125,1.3125,351.25,-2.486518,-23.27022
17.05.2026,03:06:57,127710,0,0.33,-2.12,-0.41,-6.375,-1.875,347.8125,-2.573925,-23.42273
17.05.2026,03:06:57,127764,0,0.43,-1.2,-0.7,-4.625,-0.9375,345.25,-2.678484,-23.58141
17.05.2026,03:06:57,127818,0,0.5,-1.02,-0.23,-1,2.625,341.8125,-2.737599,-23.69034
17.05.2026,03:06:57,127872,0,-0.76,0.3,-0.71,4.125,9.0625,339.3125,-2.811579,-23.85764
17.05.2026,03:06:57,127926,0,-1.38,1.48,-0.74,6.375,11.9375,338.625,-2.85216,-24.02818
17.05.2026,03:06:57,127980,0,0.08,0.61,-0.97,11.25,17.875,338.375,-2.856975,-24.14243
17.05.2026,03:06:57,128034,0,-0.89,0.38,0.52,16.3125,19.4375,339.25,-2.850862,-24.31368
17.05.2026,03:06:57,128088,0,-1.38,-0.57,0.57,18.125,18.9375,339.8125,-2.836304,-24.48413
17.05.2026,03:06:57,128142,0,-0.72,-1.47,-0.31,22.1875,19.75,342.0625,-2.85414,-24.65482
17.05.2026,03:06:57,128196,0,-0.03,-1.21,-0.49,23.5,19.9375,343.0625,-2.885643,-24.76991
17.05.2026,03:06:57,128250,0,0.36,-0.8,-0.17,24.9375,18.125,344.25,-2.938962,-24.94518
17.05.2026,03:06:57,128304,0,0.82,-0.42,-0.01,25.625,15.5,345,-2.988294,-25.12353
17.05.2026,03:06:57,128358,0,1.13,-0.31,-0.22,25.6875,14.6875,345.25,-3.014869,-25.24388
17.05.2026,03:06:57,128412,0,1.15,-0.45,-0.24,25.1875,12.3125,345.0625,-3.046789,-25.42607
17.05.2026,03:06:57,128466,0,0.61,-0.78,0.02,24.1875,9.0625,344.5625,-3.076757,-25.61007
17.05.2026,03:06:57,128520,0,-0.09,-0.88,0.48,23.75,7.5625,344.3125,-3.099554,-25.73381
17.05.2026,03:06:57,128574,0,-0.16,-1.03,0.04,23.4375,6.6875,344.0625,-3.142136,-25.92144
17.05.2026,03:06:57,128628,0,0.96,-0.92,-0.33,23.875,8.125,343.625,-3.194296,-26.11201
17.05.2026,03:06:57,128682,0,1.16,-0.67,-0.43,24.25,8.5,343.0625,-3.249042,-26.30589
17.05.2026,03:06:57,128736,0,0.82,-0.67,-0.58,24.8125,7.625,341.75,-3.281723,-26.43684
17.05.2026,03:06:57,128790,0,0.05,-0.77,-0.53,25.3125,5.375,340.0625,-3.326983,-26.63557
17.05.2026,03:06:57,128844,0,-0.45,-0.85,-0.42,25.5,4.9375,339.4375,-3.371184,-26.83695
17.05.2026,03:06:57,128898,0,-1.04,-1.18,-0.21,26.0625,6.625,338.5625,-3.403891,-26.97277
17.05.2026,03:06:57,128952,0,-1.08,-1.13,-0.38,27,8.75,338.25,-3.460911,-27.17924
17.05.2026,03:06:57,129006,0,0.45,-0.91,-0.88,27.8125,12.6875,337.3125,-3.523305,-27.38938
17.05.2026,03:06:57,129060,0,0.34,-0.16,0.1,28.0625,13.1875,335.375,-3.563032,-27.53152
17.05.2026,03:06:57,129114,0,0.28,0.02,0.1,28.1875,12.9375,334.75,-3.606055,-27.74713
17.05.2026,03:06:57,129168,0,0.42,0.08,-0.19,28.875,12.9375,334.375,-3.628244,-27.96445
17.05.2026,03:06:57,129222,0,-0.49,-0.83,0.5,30.1875,12.5,335.0625,-3.639557,-28.18261
17.05.2026,03:06:57,129276,0,-0.27,-1.52,0.23,31.125,12.75,335.75,-3.653114,-28.32857
17.05.2026,03:06:57,129330,0,0.06,-1.97,-0.3,33.375,12.9375,337.625,-3.704747,-28.54965
17.05.2026,03:06:57,129384,0,-0.12,-1.57,-0.3,34.5,10.4375,338,-3.786926,-28.77513
17.05.2026,03:06:57,129438,0,-0.75,0.27,-1.11,34.875,9.125,337.9375,-3.844258,-28.92837
17.05.2026,03:06:57,129492,0,-0.45,-0.51,-0.77,34.875,8.125,337.9375,-3.896324,-29.16121
17.05.2026,03:06:57,129546,0,0,-1.07,-1,34.5,8.4375,337.9375,-3.939981,-29.39671
17.05.2026,03:06:57,129600,0,-0.1,1.67,-1.24,33.4375,9.4375,337.5,-3.972973,-29.55529
17.05.2026,03:06:57,129654,0,0.78,-0.47,-0.9,32.25,10.1875,337.5625,-3.999177,-29.7948
17.05.2026,03:06:57,129708,0,0.99,-0.14,-1.2,31.6875,10.625,337.4375,-4.023194,-30.03572
17.05.2026,03:06:57,129762,0,1.21,0.29,-0.16,30.3125,10.6875,336.5,-4.037428,-30.27774
17.05.2026,03:06:57,129816,0,1.46,0.09,-0.06,29.4375,10.6875,335.8125,-4.038759,-30.43929
17.05.2026,03:06:57,129870,0,1.04,-0.27,-0.27,29.125,11,335.5,-4.037006,-30.68154
17.05.2026,03:06:57,129924,0,0.48,-1.05,-0.09,29,10.8125,335.5,-4.045128,-30.924
17.05.2026,03:06:57,129978,0,-0.28,-1.33,-0.12,28.9375,10.625,335.3125,-4.064538,-31.08636
17.05.2026,03:06:57,130032,0,-0.58,-1.24,-0.18,28.875,10.3125,335,-4.113814,-31.33211
17.05.2026,03:06:57,130086,0,-0.03,-0.95,-1.16,28.5,10.125,333.375,-4.174868,-31.58136
17.05.2026,03:06:57,130140,0,0.86,-0.52,-1.95,28.125,10.0625,332.25,-4.214489,-31.74956
17.05.2026,03:06:57,130194,0,0.51,-0.93,-1.42,26.8125,8.0625,328.8125,-4.265784,-32.00449
17.05.2026,03:06:57,130248,0,0.73,-0.93,-1.29,24.4375,3.8125,324.0625,-4.318697,-32.26254
17.05.2026,03:06:57,130302,0,0.72,-0.93,-0.97,23.375,2.375,322.3125,-4.373258,-32.52383
17.05.2026,03:06:57,130356,0,0.77,-1.25,-0.63,20.875,0.875,318.9375,-4.410445,-32.69987
17.05.2026,03:06:57,130410,0,0.36,-0.26,-0.38,18.625,2.625,317.0625,-4.464029,-32.96672
17.05.2026,03:06:57,130464,0,-0.01,-0.75,-0.07,17.375,3.75,316.375,-4.500728,-33.23607
17.05.2026,03:06:57,130518,0,-0.66,-0.3,0.69,14.5625,7.4375,315,-4.521978,-33.41675
17.05.2026,03:06:57,130572,0,-0.6,-0.96,0.32,13.3125,8.9375,314.3125,-4.549047,-33.68914
17.05.2026,03:06:57,130626,0,-0.31,-1.32,0.89,10.375,10.125,312.25,-4.584061,-33.96344
17.05.2026,03:06:57,130680,0,0.4,-1.57,0.78,8.3125,9.5625,310,-4.617715,-34.14779
17.05.2026,03:06:57,130734,0,0.38,-1.74,0.72,7.5625,8.6875,308.8125,-4.68485,-34.42745
17.05.2026,03:06:57,130788,0,0.55,-1.58,0.92,7.75,5.875,306.0625,-4.767517,-34.71181
17.05.2026,03:06:57,130842,0,0.8,-1.5,0.55,8.4375,2.4375,303.875,-4.856719,-35.00141
17.05.2026,03:06:57,130896,0,0.68,-1.38,0.57,8.5,-1.3125,302.5,-4.916745,-35.19748
17.05.2026,03:06:57,130950,0,1.15,-1.16,0.01,9,-7.1875,300.8125,-5.003216,-35.49597
17.05.2026,03:06:57,131004,0,1.26,-0.85,-0.29,9.8125,-13.875,299.5,-5.081869,-35.79935
17.05.2026,03:06:57,131058,0,1.85,-0.33,-1.07,10.0625,-16.125,299.1875,-5.127676,-36.00402
17.05.2026,03:06:57,131112,0,2.39,-0.22,-1.64,9.9375,-17.8125,299.125,-5.172713,-36.31363
17.05.2026,03:06:57,131166,0,2.29,-0.24,-2.48,8.25,-14.8125,299.625,-5.198326,-36.62503
17.05.2026,03:06:57,131220,0,1.07,-0.5,-1.52,7,-12.3125,299.9375,-5.213373,-36.83342
17.05.2026,03:06:57,131274,0,0.35,-1.38,-2.56,3,-5.25,300.1875,-5.239872,-37.14722
17.05.2026,03:06:57,131328,0,-0.28,-1.65,-2.01,0.8125,-3.625,300,-5.289288,-37.46345
17.05.2026,03:06:57,131382,0,-1.32,-1.44,-0.73,-4.0625,-3,299.4375,-5.361431,-37.78363
17.05.2026,03:06:57,131436,0,-0.84,-1.31,-1.27,-9.4375,-0.8125,299,-5.414516,-37.99968
17.05.2026,03:06:57,131490,0,-0.46,-1.19,-1.45,-11.25,0.4375,299,-5.494945,-38.32777
17.05.2026,03:06:57,131544,0,0.38,-0.56,-1.38,-13.875,3.3125,299.75,-5.562054,-38.66024
17.05.2026,03:06:57,131598,0,1.19,-0.52,-0.82,-14,3.4375,301.3125,-5.597351,-38.8838
17.05.2026,03:06:57,131652,0,1.64,-0.75,-0.33,-13.3125,3.3125,302.0625,-5.642238,-39.22146
17.05.2026,03:06:57,131706,0,1.9,-0.54,0.01,-10.75,3.5,303.1875,-5.683661,-39.56168
17.05.2026,03:06:57,131760,0,1.69,-0.72,-0.24,-9.5,3.8125,303.25,-5.708859,-39.78978
17.05.2026,03:06:57,131814,0,0.7,-0.62,0.19,-7.25,2.25,302.75,-5.747728,-40.13387
17.05.2026,03:06:57,131868,0,0.08,-0.99,0.29,-6.5625,-0.125,301.75,-5.787693,-40.48031
17.05.2026,03:06:57,131922,0,-0.18,-1.03,0.49,-6.625,-0.4375,301.25,-5.835423,-40.82944
17.05.2026,03:06:57,131976,0,0.06,-0.79,-0.31,-7.625,2,300.125,-5.869446,-41.06388
17.05.2026,03:06:57,132030,0,0.3,-0.99,-0.51,-9.4375,3.6875,299.5625,-5.919937,-41.41806
17.05.2026,03:06:57,132084,0,0.18,-0.7,-0.02,-10.8125,3.75,299.5,-5.971481,-41.77533
17.05.2026,03:06:57,132138,0,0.14,-0.92,0.07,-12.8125,3.5625,299.9375,-6.00222,-42.01513
17.05.2026,03:06:57,132192,0,0.72,-1.72,-1.04,-13.75,4.75,300.625,-6.052247,-42.37718
17.05.2026,03:06:57,132246,0,0.97,-1.54,-1.22,-13.5625,5.625,300.875,-6.122785,-42.74305
17.05.2026,03:06:57,132300,0,1.26,-1.44,-1.45,-12.4375,6.375,301.25,-6.175482,-42.98954
17.05.2026,03:06:57,132354,0,1.04,-1.21,-0.57,-11.125,5.0625,301.5625,-6.256431,-43.3633
17.05.2026,03:06:57,132408,0,0.38,-1.02,0,-9.4375,2.3125,301.5625,-6.331924,-43.74175
17.05.2026,03:06:57,132462,0,-0.04,-0.81,-0.05,-7.9375,0.75,301.0625,-6.399626,-44.12441
17.05.2026,03:06:57,132516,0,0.04,-0.57,-0.36,-7.4375,1.0625,300.75,-6.439296,-44.3816
17.05.2026,03:06:57,132570,0,0.57,-0.26,-0.85,-7.1875,1.875,300.125,-6.487305,-44.76994
17.05.2026,03:06:57,132624,0,0.84,-0.08,-1.21,-7.75,2.25,299.5625,-6.519164,-45.16053
17.05.2026,03:06:57,132678,0,1.05,-0.3,-1.07,-8.25,1.8125,299.4375,-6.533133,-45.42172
17.05.2026,03:06:57,132732,0,1.12,-0.78,-1.36,-9,1.9375,299.25,-6.5545,-45.81453
17.05.2026,03:06:57,132786,0,0.77,-0.91,-0.84,-9.5,1,299.0625,-6.58692,-46.20905
17.05.2026,03:06:57,132840,0,0.39,-1.02,-0.27,-9.8125,0.375,298.875,-6.614336,-46.47333
17.05.2026,03:06:57,132894,0,-0.21,-1.09,0.52,-10.1875,-0.3125,298.5625,-6.665131,-46.87217
17.05.2026,03:06:57,132948,0,-0.65,-0.8,1.3,-10.3125,-0.5,298.3125,-6.723557,-47.27441
17.05.2026,03:06:57,133002,0,-0.7,-0.72,1.22,-10.25,-0.625,298.25,-6.779253,-47.68008
17.05.2026,03:06:57,133056,0,-1.21,-0.49,1.6,-10.25,-2.125,298.3125,-6.811041,-47.95221
17.05.2026,03:06:57,133110,0,-1.12,-0.86,0.78,-10.375,-2.5,298.4375,-6.851387,-48.36251
17.05.2026,03:06:57,133164,0,-0.42,-0.81,-0.6,-10.1875,-1.5,298.5625,-6.895393,-48.77533
17.05.2026,03:06:57,133218,0,0.1,-0.7,-1.83,-9.5625,-1,298.5625,-6.92626,-49.05207
17.05.2026,03:06:57,133272,0,0.37,-0.76,-1.99,-9.0625,-2,298.5,-6.971598,-49.46947
17.05.2026,03:06:57,133326,0,0.98,-0.74,-2.47,-8.375,-4.1875,298.125,-7.016838,-49.88957
17.05.2026,03:06:57,133380,0,0.63,-0.76,-1.36,-7.875,-7.1875,297.25,-7.046876,-50.17114
17.05.2026,03:06:57,133434,0,0.49,-0.77,-1.08,-8,-8,296.75,-7.091997,-50.59576
17.05.2026,03:06:57,133488,0,0.66,-0.91,-0.32,-8.625,-7.9375,295.6875,-7.137702,-51.0231
17.05.2026,03:06:57,133542,0,1.08,-0.88,-0.08,-9.5,-7.6875,294.6875,-7.188078,-51.45334
17.05.2026,03:06:57,133596,0,0.99,-0.72,0.17,-10.25,-8.5625,294.25,-7.223742,-51.74194
17.05.2026,03:06:57,133650,0,0.52,-0.67,0.18,-11.9375,-12.6875,293.4375,-7.273091,-52.17736
17.05.2026,03:06:57,133704,0,0.25,-0.68,0.21,-12.5625,-14.625,293.0625,-7.318473,-52.61557
17.05.2026,03:06:57,133758,0,-0.19,-0.65,-0.36,-13.125,-16.0625,292.25,-7.34739,-52.90918
17.05.2026,03:06:57,133812,0,-0.18,-0.82,-1.1,-12.625,-13.75,291.0625,-7.387716,-53.35166
17.05.2026,03:06:57,133866,0,-0.16,-0.91,-1.41,-12.1875,-12.8125,290.625,-7.428282,-53.79652
17.05.2026,03:06:57,133920,0,-0.18,-0.89,-1.5,-10.4375,-12.5,289.875,-7.459248,-54.09457
17.05.2026,03:06:57,133974,0,0.35,-0.51,-1.41,-8.6875,-13.375,289.625,-7.508024,-54.54408
17.05.2026,03:06:57,134028,0,0.77,-0.41,-1.17,-8.125,-13.625,289.625,-7.551078,-54.99633
17.05.2026,03:06:57,134082,0,1.27,0.15,0.12,-7.4375,-13.6875,289.5625,-7.582439,-55.45071
17.05.2026,03:06:57,134136,0,1.17,-0.12,0.53,-8,-14.6875,289.5,-7.593868,-55.75436
17.05.2026,03:06:57,134190,0,0.92,-0.51,0.43,-8.8125,-16,289.375,-7.607014,-56.21052
17.05.2026,03:06:57,134244,0,0.26,-0.65,-0.39,-9.75,-16.75,288.75,-7.627844,-56.66772
17.05.2026,03:06:57,134298,0,0.21,-0.58,-0.86,-9.875,-16.1875,288.25,-7.646832,-56.9734
17.05.2026,03:06:57,134352,0,1.31,-0.8,-0.58,-10.125,-15.125,287.1875,-7.679465,-57.43349
17.05.2026,03:06:57,134406,0,0.31,-0.64,-0.95,-11.9375,-18.625,286.75,-7.718074,-57.89579
17.05.2026,03:06:57,134460,0,0.47,-0.63,-1.41,-12.3125,-18.25,286.4375,-7.744007,-58.20529
17.05.2026,03:06:57,134514,0,0.6,-0.68,-1.23,-12.25,-15.5625,285.5625,-7.781857,-58.67146
17.05.2026,03:06:57,134568,0,0.44,-0.59,-0.74,-11.9375,-13.625,284.3125,-7.819,-59.13985
17.05.2026,03:06:57,134622,0,0.39,-0.32,-0.16,-11.8125,-13.4375,283.75,-7.853595,-59.61041
17.05.2026,03:06:57,134676,0,0.41,-0.29,0.47,-11.625,-13.75,282.9375,-7.872388,-59.92513
17.05.2026,03:06:57,134730,0,0.39,-0.47,0.87,-11.625,-14.5,282.5,-7.897582,-60.39848
17.05.2026,03:06:57,134784,0,0.76,-0.5,0.2,-11.4375,-14.9375,281.6875,-7.925339,-60.87342
17.05.2026,03:06:57,134838,0,0.11,-0.85,-0.27,-11.1875,-16.5625,280.625,-7.946632,-61.19107
17.05.2026,03:06:57,134892,0,-0.14,-0.94,0.03,-11.25,-17.875,280.375,-7.985867,-61.6694
17.05.2026,03:06:57,134946,0,-0.26,-1.01,-0.41,-11.5625,-18.75,280.125,-8.039042,-62.15061
17.05.2026,03:06:57,135000,0,-0.63,-1.01,-1,-12.1875,-15.9375,280.5,-8.078183,-62.47334
17.05.2026,03:06:57,135054,0,-0.46,-0.91,-0.95,-12.8125,-14.5,280.875,-8.137984,-62.96043
17.05.2026,03:06:57,135108,0,-0.64,-1.01,-0.94,-14.25,-12.0625,281.8125,-8.196132,-63.45103
17.05.2026,03:06:57,135162,0,-1,-0.94,-0.95,-15.5625,-10.875,282.375,-8.25255,-63.94508
17.05.2026,03:06:57,135216,0,-0.97,-0.68,-0.19,-16,-9.6875,282.375,-8.28866,-64.27627
17.05.2026,03:06:57,135270,0,-0.35,-0.88,-1.09,-15.875,-6.625,281.375,-8.338715,-64.7756
17.05.2026,03:06:57,135324,0,1.17,-1.06,-1.63,-14.625,-3.5625,279.9375,-8.3886,-65.27792
17.05.2026,03:06:57,135378,0,0.54,-0.75,-1.06,-14,-3.8125,279.3125,-8.422481,-65.61447
17.05.2026,03:06:57,135432,0,0.22,-0.49,-0.01,-12.875,-4.3125,277.75,-8.471671,-66.1218
17.05.2026,03:06:57,135486,0,0.55,-0.19,0.2,-12.75,-3.875,276.625,-8.512594,-66.63181
17.05.2026,03:06:57,135540,0,0.4,-0.2,-0.29,-13.4375,-2.375,274.875,-8.531401,-66.97289
17.05.2026,03:06:57,135594,0,0.16,-0.23,-0.42,-14.625,-0.4375,272.75,-8.553319,-67.48567
17.05.2026,03:06:57,135648,0,-0.11,-0.43,0,-15,0,272,-8.57271,-67.99966
17.05.2026,03:06:57,135702,0,0.27,-0.62,-0.06,-15.375,1.125,270.625,-8.597195,-68.51496
17.05.2026,03:06:57,135756,0,0.6,-0.65,-0.41,-14.75,2.75,269.3125,-8.617421,-68.85945
17.05.2026,03:06:57,135810,0,0.68,-0.62,-0.77,-14.0625,3.3125,268.8125,-8.651352,-69.37785
17.05.2026,03:06:57,135864,0,0.28,-0.77,-0.47,-11.875,3.25,268.125,-8.690157,-69.89845
17.05.2026,03:06:57,135918,0,0.12,-0.89,-0.22,-10.75,2.9375,267.9375,-8.718605,-70.2469
17.05.2026,03:06:57,135972,0,0.02,-1.13,0.68,-8.8125,3.25,267.75,-8.765739,-70.77188
17.05.2026,03:06:57,136026,0,0.4,-1.09,-0.39,-7.75,7,267.125,-8.821645,-71.30002
17.05.2026,03:06:57,136080,0,0.86,-1.04,-0.78,-7.75,8.5625,266.75,-8.861873,-71.65409
17.05.2026,03:06:57,136134,0,0.76,-0.89,-1.25,-8.4375,9.9375,265.75,-8.923226,-72.18826
17.05.2026,03:06:57,136188,0,0.55,-0.7,-1.1,-8.625,10.0625,265,-8.981233,-72.726
17.05.2026,03:06:57,136242,0,0.21,-0.73,-0.52,-8.8125,9.375,264.75,-9.033329,-73.26698
17.05.2026,03:06:57,136296,0,-0.29,-0.57,0.4,-9.375,6.8125,264.5,-9.066091,-73.62929
17.05.2026,03:06:57,136350,0,0.68,-0.65,-0.31,-9.3125,7.375,264.5,-9.111721,-74.1751
17.05.2026,03:06:57,136404,0,0.85,-0.71,-0.49,-8.8125,8.1875,264.625,-9.154708,-74.72353
17.05.2026,03:06:57,136458,0,0.61,-0.74,0,-7.3125,8.5625,264.9375,-9.182209,-75.09055
17.05.2026,03:06:57,136512,0,0.22,-1.09,0.42,-5.8125,7.375,265.625,-9.222174,-75.64309
17.05.2026,03:06:57,136566,0,-0.07,-1.09,0.74,-5.5625,7.0625,266.0625,-9.268144,-76.1982
17.05.2026,03:06:57,136620,0,0.37,-1,0.57,-5.75,7.8125,267,-9.304557,-76.57001
17.05.2026,03:06:57,136674,0,0.86,-0.92,0.17,-6.375,8.4375,267.5625,-9.362299,-77.13059
17.05.2026,03:06:57,136728,0,1.03,-0.85,-0.18,-7.1875,8,268.0625,-9.419659,-77.69463
17.05.2026,03:06:57,136782,0,-0.01,-0.81,-0.15,-6.8125,7.25,267.9375,-9.475386,-78.26204
17.05.2026,03:06:57,136836,0,-0.17,-0.94,-0.16,-6.5,7.875,267.625,-9.511419,-78.64214
17.05.2026,03:06:57,136890,0,0.32,-0.28,0.13,-5.75,9.25,267.3125,-9.563178,-79.21494
17.05.2026,03:06:57,136944,0,-0.14,0.02,0.66,-4.75,8.0625,267.0625,-9.599004,-79.79024
17.05.2026,03:06:57,136998,0,-0.28,-0.17,0.91,-4.1875,6.875,266.8125,-9.614082,-80.17467
17.05.2026,03:06:57,137052,0,-0.39,-0.01,1.05,-2.9375,4.125,265.75,-9.629333,-80.75217
17.05.2026,03:06:57,137106,0,-0.93,0.02,0.75,-2.0625,1.625,264.5,-9.638405,-81.33029
17.05.2026,03:06:57,137160,0,-1,0.04,0.47,-1.5625,0.8125,263.6875,-9.643055,-81.71597
17.05.2026,03:06:57,137214,0,-1.52,-0.3,0,-0.25,-0.8125,261.625,-9.647869,-82.29473
17.05.2026,03:06:57,137268,0,-1.09,-0.24,-0.3,0.25,-0.8125,260.6875,-9.656916,-82.87395
17.05.2026,03:06:57,137322,0,-0.11,-0.71,-1.11,1.3125,0.375,258.6875,-9.675223,-83.45403
17.05.2026,03:06:57,137376,0,0.79,-0.84,-1.73,1.75,1,257.0625,-9.696143,-83.84165
17.05.2026,03:06:57,137430,0,0.72,-0.79,-1.64,1.8125,0.75,256.1875,-9.736641,-84.42501
17.05.2026,03:06:57,137484,0,0.58,-0.91,-1.44,1.5625,0.625,254.1875,-9.781863,-85.011
17.05.2026,03:06:57,137538,0,1.17,-1.31,-2.13,1,2.625,252.875,-9.814841,-85.40326
17.05.2026,03:06:57,137592,0,1.44,-1.38,-2.52,0.625,4.375,252.3125,-9.874312,-85.99447
17.05.2026,03:06:57,137646,0,1.17,-1.24,-2.31,0.75,5.6875,251.75,-9.94434,-86.5897
17.05.2026,03:06:57,137700,0,0.19,-0.91,-1.49,1.8125,5.75,251.75,-9.992298,-86.98891
17.05.2026,03:06:57,137754,0,0.06,-0.9,-1.51,2.25,5.8125,252,-10.05833,-87.59113
17.05.2026,03:06:57,137808,0,0.17,-1.13,-1.21,3.75,7.1875,252.75,-10.11928,-88.19707
17.05.2026,03:06:57,137862,0,0.37,-1.27,-1.34,4.1875,8.3125,253.25,-10.18359,-88.80677
17.05.2026,03:06:57,137916,0,-0.14,-1.41,-1.13,4.3125,8.8125,254.0625,-10.2305,-89.21552
17.05.2026,03:06:57,137970,0,0.57,-1.18,-1.08,3.9375,9.6875,255.125,-10.30575,-89.83235
17.05.2026,03:06:57,138024,0,1.09,-1.05,-1.24,3.75,10.5625,255.625,-10.37932,-90.45367
17.05.2026,03:06:57,138078,0,0.37,-0.59,-0.7,2.9375,9.4375,256.3125,-10.42293,-90.87016
17.05.2026,03:06:57,138132,0,0.02,-0.42,-0.07,2.3125,8.3125,256.5,-10.4759,-91.49773
17.05.2026,03:06:57,138186,0,0.63,-0.32,-0.09,2.25,8.875,256.375,-10.51581,-92.12793
17.05.2026,03:06:57,138240,0,0.89,0.15,0,1.9375,9.25,255.5,-10.53456,-92.54915
17.05.2026,03:06:57,138294,0,0.73,0.27,0.09,1.8125,9.0625,254.875,-10.54835,-93.18185
17.05.2026,03:06:57,138348,0,0.18,0.05,-0.05,1.5,8.875,253.25,-10.55043,-93.81487
17.05.2026,03:06:57,138402,0,0.44,-0.17,-0.55,1.0625,10.0625,250.8125,-10.55209,-94.44794
17.05.2026,03:06:57,138456,0,0.59,-0.27,-0.78,0.875,10.9375,249.5625,-10.55559,-94.87012
17.05.2026,03:06:57,138510,0,0.7,-0.17,-0.79,0.3125,12.25,246.3125,-10.56419,-95.50379
17.05.2026,03:06:57,138564,0,0.21,-0.19,-0.49,-0.1875,12.125,243.4375,-10.57405,-96.13803
17.05.2026,03:06:57,138618,0,-0.02,-0.3,-0.26,-0.4375,11.75,241.9375,-10.58133,-96.5612
17.05.2026,03:06:57,138672,0,0.08,-0.47,-0.4,-0.875,11.75,238.5,-10.59579,-97.19663
17.05.2026,03:06:57,138726,0,0.3,-0.43,-0.61,-1.125,11.9375,235.5,-10.6159,-97.83317
17.05.2026,03:06:57,138780,0,0.21,-0.37,-0.67,-1.375,11.625,233.4375,-10.6307,-98.25825
17.05.2026,03:06:57,138834,0,0.16,-0.42,-0.52,-1.5625,10.9375,230.125,-10.65333,-98.89699
17.05.2026,03:06:57,138888,0,0.17,-0.59,-0.22,-1.625,10.1875,225.8125,-10.67794,-99.53716
17.05.2026,03:06:57,138942,0,0.14,-0.65,-0.18,-1.625,9.6875,223.8125,-10.70712,-100.179
17.05.2026,03:06:57,138996,0,-0.15,-0.89,-0.06,-2.0625,8.1875,219.8125,-10.73039,-100.6079
17.05.2026,03:06:57,139050,0,0,-1.02,0.01,-2.25,7.875,217.3125,-10.77334,-101.2534
17.05.2026,03:06:57,139104,0,0.72,-1.01,-0.36,-2.5,8.1875,213.625,-10.82515,-101.9019
17.05.2026,03:06:57,139158,0,0.78,-1.1,-0.57,-2.3125,7.9375,209.4375,-10.86285,-102.336
17.05.2026,03:06:57,139212,0,0.7,-1.23,-0.5,-1.75,8.0625,207.6875,-10.92345,-102.9902
17.05.2026,03:06:57,139266,0,0.48,-1.67,-0.39,-1.5625,8.0625,204,-10.99517,-103.6484
17.05.2026,03:06:57,139320,0,0.29,-1.21,-0.31,-0.3125,7.75,200.125,-11.0505,-104.0898
17.05.2026,03:06:57,139374,0,0.13,-0.95,-0.3,0.125,7.5625,198.5625,-11.13198,-104.7562
17.05.2026,03:06:57,139428,0,0.25,-0.87,-0.37,0.4375,7.3125,194.8125,-11.2022,-105.4269
17.05.2026,03:06:57,139482,0,0.41,-1.01,-0.41,1.3125,7.6875,191.75,-11.26403,-106.1016
17.05.2026,03:06:57,139536,0,0,-1.08,-0.32,1.8125,7.625,190.25,-11.30411,-106.5533
17.05.2026,03:06:57,139590,0,-0.09,-1.36,-0.25,1.875,6.8125,186.75,-11.36674,-107.2341
17.05.2026,03:06:57,139644,0,-0.12,-1.23,-0.28,2.4375,6.5,185.25,-11.43501,-107.9188
17.05.2026,03:06:57,139698,0,0.03,-0.76,-0.31,3.3125,6,181.5,-11.48053,-108.3775
17.05.2026,03:06:57,139752,0,0.05,0.04,-0.44,2.9375,5.5,178,-11.53676,-109.0687
17.05.2026,03:06:57,139806,0,0.25,0.57,-0.67,3,5.625,176.1875,-11.56591,-109.7623
17.05.2026,03:06:57,139860,0,0.38,0.9,-0.53,3.4375,5.75,172.25,-11.56518,-110.2249
17.05.2026,03:06:57,139914,0,0.26,0.82,-0.36,3.3125,4.75,169.3125,-11.54211,-110.918
17.05.2026,03:06:57,139968,0,0.38,0.68,-0.25,3.125,4.1875,167.6875,-11.50576,-111.6091
17.05.2026,03:06:57,140022,0,0.44,0.25,-0.33,2.6875,4,165.6875,-11.47015,-112.298
17.05.2026,03:06:57,140076,0,0.44,-0.06,-0.49,1.6875,4,163.9375,-11.4518,-112.7562
17.05.2026,03:06:57,140130,0,0.44,-0.08,-0.58,1.125,3.625,163.375,-11.43585,-113.4426
17.05.2026,03:06:57,140184,0,0.25,-0.35,-0.75,-0.25,2.5,162.3125,-11.43091,-114.1285
17.05.2026,03:06:57,140238,0,-0.01,-0.57,-0.55,-0.8125,2.0625,161.9375,-11.43471,-114.5858
17.05.2026,03:06:57,140292,0,0.18,-0.44,-0.78,-1.3125,1.125,161.25,-11.45169,-115.2726
17.05.2026,03:06:57,140346,0,-0.54,-0.56,-0.18,-1.5625,-1,160.9375,-11.47427,-115.9605
17.05.2026,03:06:57,140400,0,-0.23,-0.7,-0.4,-1.4375,-1.3125,160.8125,-11.49234,-116.4201
17.05.2026,03:06:57,140454,0,-0.11,-0.64,-0.05,-1.0625,-1.75,160.125,-11.52468,-117.1109
17.05.2026,03:06:57,140508,0,0.84,-0.71,-0.18,-1.125,-1.1875,159.6875,-11.5597,-117.8037
17.05.2026,03:06:57,140562,0,0.75,-0.83,-0.62,-1.25,-1.4375,159.5,-11.59817,-118.4988
17.05.2026,03:06:57,140616,0,0.06,-0.5,-0.84,-2.0625,-4,159.1875,-11.625,-118.9636
17.05.2026,03:06:57,140670,0,-0.1,-0.46,-1.07,-2.4375,-4.5,159,-11.66126,-119.6625
17.05.2026,03:06:57,140724,0,0.14,-0.48,-1.07,-2.6875,-4.5625,158.75,-11.69466,-120.3636
17.05.2026,03:06:57,140778,0,0.02,-0.83,-0.26,-2.4375,-5,158.25,-11.71702,-120.832
17.05.2026,03:06:57,140832,0,0.09,-0.98,-0.46,-2.3125,-5.375,158.0625,-11.75586,-121.5365
17.05.2026,03:06:57,140886,0,-0.61,-1.1,0,-1.875,-5.375,157.25,-11.805,-122.2438
17.05.2026,03:06:57,140940,0,1.32,-1.36,0.01,-1.5625,-2.8125,156.25,-11.84293,-122.7171
17.05.2026,03:06:57,140994,0,1.27,-1.27,0.31,-1.875,-2.125,155.3125,-11.90928,-123.4303
17.05.2026,03:06:57,141048,0,0.11,-0.68,0.37,-2.875,-3.5,153.5625,-11.97384,-124.1475
17.05.2026,03:06:57,141102,0,-0.64,-0.53,-0.25,-3.6875,-3.375,151.4375,-12.02687,-124.8681
17.05.2026,03:06:57,141156,0,0.07,-0.57,-0.48,-3.6875,-1.9375,150.5625,-12.05646,-125.3501
17.05.2026,03:06:57,141210,0,1.9,-0.97,-0.87,-3.0625,1.25,149,-12.09772,-126.0751
17.05.2026,03:06:57,141264,0,0.54,-1.48,0.3,-2.75,-0.1875,147.375,-12.14874,-126.8029
17.05.2026,03:06:57,141318,0,0.19,-1.4,-0.02,-3,-1.6875,146.6875,-12.19242,-127.2902
17.05.2026,03:06:57,141372,0,0.02,-0.95,-1.12,-4.125,-3.6875,145.375,-12.2646,-128.0246
17.05.2026,03:06:57,141426,0,-0.4,-0.66,-1.24,-4.8125,-4.375,144.375,-12.33109,-128.7632
17.05.2026,03:06:57,141480,0,-0.31,-0.54,-1.87,-4.875,-3.6875,143,-12.368,-129.2576
17.05.2026,03:06:57,141534,0,0.03,-0.89,-1.24,-4.4375,-3.1875,141.8125,-12.41639,-130.0016
17.05.2026,03:06:57,141588,0,0.27,-0.82,-1.21,-4.5,-3.4375,141.375,-12.46485,-130.7485
17.05.2026,03:06:57,141642,0,0.59,-0.69,-0.85,-5.25,-3.8125,140.25,-12.51253,-131.4983
17.05.2026,03:06:57,141696,0,0.97,-0.73,-1.17,-6.8125,-4.25,139.0625,-12.54312,-131.9998
17.05.2026,03:06:57,141750,0,0.81,-0.92,-0.67,-7.8125,-5.25,138.375,-12.58868,-132.7542
17.05.2026,03:06:57,141804,0,-0.07,-0.79,-0.06,-10.1875,-8.125,136.625,-12.63358,-133.5113
17.05.2026,03:06:57,141858,0,-0.29,-0.87,0.03,-11,-8.8125,135.8125,-12.66374,-134.0175
17.05.2026,03:06:57,141912,0,0.24,-1.06,-0.45,-12.0625,-8.5,133.6875,-12.7134,-134.7793
17.05.2026,03:06:57,141966,0,0.5,-0.9,-0.36,-12.375,-8.5625,131.5,-12.7681,-135.5443
17.05.2026,03:06:57,142020,0,0.3,-0.68,-0.1,-12.375,-9.1875,130.375,-12.80408,-136.0561
17.05.2026,03:06:57,142074,0,0.18,-0.85,-0.03,-12.375,-11.0625,127.75,-12.85337,-136.8263
17.05.2026,03:06:57,142128,0,0.71,-0.98,-0.58,-12.6875,-12.75,125.4375,-12.90276,-137.5995
17.05.2026,03:06:57,142182,0,0.95,-1.15,-0.44,-12.8125,-13.625,123.9375,-12.95656,-138.3758
17.05.2026,03:06:57,142236,0,0.86,-0.98,-0.53,-12.125,-13.9375,121.875,-12.99605,-138.8952
17.05.2026,03:06:57,142290,0,0.51,-0.98,-1.08,-12,-12.875,120.0625,-13.05593,-139.6774
17.05.2026,03:06:57,142344,0,0.44,-1.05,-0.66,-12.25,-12.4375,119.25,-13.11581,-140.4631
17.05.2026,03:06:57,142398,0,0.35,-0.98,-0.57,-12.875,-10.75,117.4375,-13.15718,-140.989
17.05.2026,03:06:57,142452,0,1.46,-0.96,-0.63,-12.8125,-7,115.5,-13.21833,-141.7809
17.05.2026,03:06:57,142506,0,1.95,-0.89,-0.68,-12.75,-5.75,114.625,-13.27644,-142.5763
17.05.2026,03:06:57,142560,0,0.79,-1.2,-0.04,-12.6875,-7,112.8125,-13.316,-143.1086
17.05.2026,03:06:57,142614,0,0.47,-1.09,-0.02,-12.6875,-8.1875,111.9375,-13.3799,-143.9101
17.05.2026,03:06:57,142668,0,-0.31,-0.81,0,-12.6875,-10.0625,110.0625,-13.44274,-144.7154
17.05.2026,03:06:57,142722,0,0.2,-0.96,-0.75,-12.5625,-9.375,107.75,-13.50003,-145.5243
17.05.2026,03:06:57,142776,0,0.37,-1.14,-1.43,-12.5,-8.3125,106.75,-13.53822,-146.0654
17.05.2026,03:06:57,142830,0,-0.5,-1.33,-0.57,-12.4375,-6.9375,104.625,-13.60069,-146.8802
17.05.2026,03:06:57,142884,0,-0.14,-1.71,-0.85,-12.1875,-5.875,102.875,-13.67202,-147.699
17.05.2026,03:06:57,142938,0,-0.18,-1.86,-0.99,-12.0625,-5.6875,102,-13.72644,-148.2475
17.05.2026,03:06:57,142992,0,-0.54,-1.68,-0.59,-11.125,-6.5,100.0625,-13.81958,-149.0748
17.05.2026,03:06:57,143046,0,-0.32,-1.3,-0.68,-10.875,-6.5,98.1875,-13.9155,-149.9078
17.05.2026,03:06:57,143100,0,-0.17,-1.11,-0.46,-10.6875,-6,96.8125,-13.97574,-150.4663
17.05.2026,03:06:57,143154,0,-0.01,-0.78,-0.33,-10.625,-5.25,94.4375,-14.05453,-151.308
17.05.2026,03:06:57,143208,0,-0.05,-0.56,-0.25,-10.75,-5.125,93.1875,-14.11729,-152.1539
17.05.2026,03:06:57,143262,0,-0.14,-0.68,-0.02,-10.5625,-5.6875,90.25,-14.16718,-153.003
17.05.2026,03:06:57,143316,0,0.29,-1.06,0.19,-10.375,-6.25,87.5625,-14.19963,-153.5706
17.05.2026,03:06:57,143370,0,1,-1.17,-0.24,-10.375,-5.9375,85.75,-14.2538,-154.4247
17.05.2026,03:06:57,143424,0,1.38,-1.1,-0.63,-10.375,-5.9375,83.0625,-14.31477,-155.2824
17.05.2026,03:06:57,143478,0,1.07,-1.01,-0.52,-9.625,-5.875,80.1875,-14.35694,-155.8562
17.05.2026,03:06:57,143532,0,0.99,-0.83,-0.73,-9.1875,-5.75,78.9375,-14.41904,-156.7201
17.05.2026,03:06:57,143586,0,0.69,-0.65,-0.58,-8.625,-6.0625,76.4375,-14.47503,-157.5876
17.05.2026,03:06:57,143640,0,0.82,-0.36,-0.83,-8.25,-6.4375,73.5625,-14.50761,-158.1676
17.05.2026,03:06:57,143694,0,0.82,-0.16,-0.6,-8.1875,-6.4375,72.4375,-14.5467,-159.0396
17.05.2026,03:06:57,143748,0,0.81,0.28,-0.09,-8.5625,-5.6875,70.375,-14.56975,-159.9135
17.05.2026,03:06:57,143802,0,0.87,0.32,-0.44,-8.9375,-5,69.8125,-14.57407,-160.7879
17.05.2026,03:06:57,143856,0,0.84,-0.06,-1.06,-9.5,-3.875,69.125,-14.57174,-161.3708
17.05.2026,03:06:57,143910,0,0.87,-0.33,-0.78,-9.875,-3.3125,68.5,-14.57231,-162.2451
17.05.2026,03:06:57,143964,0,0.76,-0.41,-0.15,-9.875,-3.3125,68.125,-14.58181,-163.1198
17.05.2026,03:06:57,144018,0,1.2,-0.62,-0.34,-9.6875,-2.0625,67,-14.59289,-163.7034
17.05.2026,03:06:57,144072,0,1.05,-0.7,-0.18,-9.4375,-1.125,65.8125,-14.61771,-164.5799
17.05.2026,03:06:57,144126,0,1.04,-0.79,-0.25,-9.0625,-0.4375,65.125,-14.65147,-165.4583
17.05.2026,03:06:57,144180,0,0.56,-0.64,-0.23,-8.5,0.5,63.1875,-14.6768,-166.0451
17.05.2026,03:06:57,144234,0,0.46,-0.58,-0.27,-8.4375,1,62.25,-14.7153,-166.9272
17.05.2026,03:06:57,144288,0,0.27,-0.49,-0.45,-8.6875,2.1875,60.0625,-14.75088,-167.8116
17.05.2026,03:06:57,144342,0,0.33,-0.54,-0.2,-8.625,3.375,58.4375,-14.7827,-168.6979
17.05.2026,03:06:57,144396,0,0.35,-0.55,-0.21,-8.5625,3.8125,57.8125,-14.80365,-169.2898
17.05.2026,03:06:57,144450,0,-0.04,-0.67,0.52,-9.0625,3.8125,56.8125,-14.83681,-170.1794
17.05.2026,03:06:57,144504,0,0.29,-0.61,-0.09,-10.375,4.1875,56.25,-14.87302,-171.071
17.05.2026,03:06:57,144558,0,0.19,-0.54,-0.16,-11.125,4.125,56.0625,-14.8974,-171.6667
17.05.2026,03:06:57,144612,0,0.48,-0.59,-0.45,-12.0625,4.4375,55.875,-14.93252,-172.5619
17.05.2026,03:06:57,144666,0,0.38,-0.42,-0.54,-13.0625,4.9375,55.8125,-14.96748,-173.4593
17.05.2026,03:06:57,144720,0,0.44,-0.41,-0.64,-13.375,5.1875,55.875,-14.98951,-174.0586
17.05.2026,03:06:57,144774,0,0.19,-0.32,-0.42,-14.25,5.375,55.9375,-15.01871,-174.9592
17.05.2026,03:06:57,144828,0,0.23,-0.32,-0.69,-15.4375,5.25,56.1875,-15.04336,-175.8613
17.05.2026,03:06:57,144882,0,0.05,-0.38,-0.47,-16,5.0625,56.375,-15.06488,-176.7648
17.05.2026,03:06:57,144936,0,-0.29,-0.31,-0.29,-17.375,4.8125,56.875,-15.0795,-177.3678
17.05.2026,03:06:57,144990,0,-0.24,-0.3,-0.28,-18,5.1875,57,-15.10079,-178.2735
17.05.2026,03:06:57,145044,0,0.02,-0.33,-0.76,-19,6.125,57.375,-15.12111,-179.1803
17.05.2026,03:06:57,145098,0,-0.05,-0.22,-0.94,-19.8125,6.125,58,-15.13492,-179.7856
17.05.2026,03:06:57,145152,0,-0.38,-0.09,-0.75,-20.0625,6,58.25,-15.15369,-180.6945
17.05.2026,03:06:57,145206,0,-0.58,-0.05,-0.65,-20,6.375,58.5,-15.16473,-181.6042
17.05.2026,03:06:57,145260,0,-0.51,0.04,-0.15,-19.4375,6.9375,58.4375,-15.16922,-182.2109
17.05.2026,03:06:57,145314,0,-0.25,0.11,-0.12,-18.9375,7.1875,58.3125,-15.17217,-183.1212
17.05.2026,03:06:57,145368,0,-0.13,0.03,0.12,-17.375,7.0625,57.9375,-15.17139,-184.0315
17.05.2026,03:06:57,145422,0,-0.09,-0.09,-0.37,-16.25,6.0625,57.625,-15.17027,-184.9417
17.05.2026,03:06:57,145476,0,0.18,-0.2,-0.6,-15.6875,4.8125,57.375,-15.17081,-185.5485
17.05.2026,03:06:57,145530,0,0.31,0.06,-0.68,-15.125,2.375,56.75,-15.17458,-186.4589
17.05.2026,03:06:57,145584,0,0.19,0.26,-0.47,-14.75,1.125,56.5,-15.17428,-187.3694
17.05.2026,03:06:57,145638,0,0.59,0.09,-0.9,-13.5,-0.25,56.0625,-15.16991,-187.9763
17.05.2026,03:06:57,145692,0,0.56,-0.3,-1.02,-11.75,-1.125,55.625,-15.16473,-188.8863
17.05.2026,03:06:57,145746,0,0.45,-0.43,-0.91,-10.625,-2.0625,55.375,-15.16885,-189.7963
17.05.2026,03:06:57,145800,0,0.04,-0.47,-1.12,-9.375,-3.3125,54.9375,-15.17668,-190.4032
17.05.2026,03:06:57,145854,0,0.03,-0.24,-1.02,-8.8125,-3.75,54.5625,-15.19157,-191.3144
17.05.2026,03:06:57,145908,0,0.1,-0.24,-1.23,-8.625,-3.3125,54.3125,-15.20591,-192.2265
17.05.2026,03:06:57,145962,0,0.07,-0.29,-0.73,-8.0625,-2.9375,54,-15.21842,-193.1394
17.05.2026,03:06:57,146016,0,0.42,-0.43,-0.92,-7.375,-2.4375,53.6875,-15.22768,-193.7484