4860,0,0,0,0,0,0,0,0,0,0
4914,0,0,0,0,0,0,0,0,0,0
4968,0,0,0,0,0,0,0,0,0,0
5022,0,0,0,0,0,0,0,0,0,0
5076,0,0,0,0,0,0,0,0,0,0
5130,0,0,0,0,0,0,0,0,0,0
5184,0,0,0,0,0,0,0,0,0,0
5238,0,0,0,0,0,0,0,0,0,0
5292,0,0,0,0,0,0,0,0,0,0
5346,0,0,0,0,0,0,0,0,0,0
5400,0,0,0,0,0,0,0,0,0,0
5454,0,0,0,0,0,0,0,0,0,0
5508,0,0,0,0,0,0,0,0,0,0
5562,0,0,0,0,0,0,0,0,0,0
5616,0,0,0,0,0,0,0,0,0,0
5670,0,0,0,0,0,0,0,0,0,0
5724,0,0,0,0,0,0,0,0,0,0
5778,0,0,0,0,0,0,0,0,0,0
5832,0,0,0,0,0,0,0,0,0,0
5886,0,0,0,0,0,0,0,0,0,0
5940,0,0,0,0,0,0,0,0,0,0
5994,0,0,0,0,0,0,0,0,0,0
6048,0,0,0,0,0,0,0,0,0,0
6102,0,0,0,0,0,0,0,0,0,0
6156,0,0,0,0,0,0,0,0,0,0
6210,0,0,0,0,0,0,0,0,0,0
6264,0,0,0,0,0,0,0,0,0,0
6318,0,0,0,0,0,0,0,0,0,0
6372,0,0,0,0,0,0,0,0,0,0
6426,0,0,0,0,0,0,0,0,0,0
6480,0,0,0,0,0,0,0,0,0,0
6534,0,0,0,0,0,0,0,0,0,0
6588,0,0,0,0,0,0,0,0,0,0
6642,0,0,0,0,0,0,0,0,0,0
6696,0,0,0,0,0,0,0,0,0,0
6750,0,0,0,0,0,0,0,0,0,0
6804,0,0,0,0,0,0,0,0,0,0
6858,0,0,0,0,0,0,0,0,0,0
6912,0,0,0,0,0,0,0,0,0,0
6966,0,0,0,0,0,0,0,0,0,0
7020,0,0,0,0,0,0,0,0,0,0
7074,0,0,0,0,0,0,0,0,0,0
7128,0,0,0,0,0,0,0,0,0,0
7182,0,0,0,0,0,0,0,0,0,0
7236,0,0,0,0,0,0,0,0,0,0
7290,0,0,0,0,0,0,0,0,0,0
7344,0,0,0,0,0,0,0,0,0,0
7398,0,0,0,0,0,0,0,0,0,0
7452,0,0,0,0,0,0,0,0,0,0
7506,0,0,0,0,0,0,0,0,0,0
7560,0,0,0,0,0,0,0,0,0,0
7614,0,0,0,0,0,0,0,0,0,0
7668,0,0,0,0,0,0,0,0,0,0
7722,0,0,0,0,0,0,0,0,0,0
7776,0,0,0,0,0,0,0,0,0,0
7830,0,0,0,0,0,0,0,0,0,0
7884,0,0,0,0,0,0,0,0,0,0
7938,0,0,0,0,0,0,0,0,0,0
7992,0,0,0,0,0,0,0,0,0,0
8046,0,0,0,0,0,0,0,0,0,0
8100,0,0,0,0,0,0,0,0,0,0
8154,0,0,0,0,0,0,0,0,0,0
8208,0,0,0,0,0,0,0,0,0,0
8262,0,0,0,0,0,0,0,0,0,0
8316,0,0,0,0,0,0,0,0,0,0
8370,0,0,0,0,0,0,0,0,0,0
8424,0,0,0,0,0,0,0,0,0,0
8478,0,0,0,0,0,0,0,0,0,0
8532,0,0,0,0,0,0,0,0,0,0
8586,0,0,0,0,0,0,0,0,0,0
8640,0,0,0,0,0,0,0,0,0,0
8694,0,0,0,0,0,0,0,0,0,0
8748,0,0,0,0,0,0,0,0,0,0
8802,0,0,0,0,0,0,0,0,0,0
8856,0,0,0,0,0,0,0,0,0,0
8910,0,0,0,0,0,0,0,0,0,0
8964,0,0,0,0,0,0,0,0,0,0
9018,0,0,0,0,0,0,0,0,0,0
9072,0,0,0,0,0,0,0,0,0,0
9126,0,0,0,0,0,0,0,0,0,0
9180,0,0,0,0,0,0,0,0,0,0
9234,0,0,0,0,0,0,0,0,0,0
9288,0,0,0,0,0,0,0,0,0,0
9342,0,0,0,0,0,0,0,0,0,0
9396,0,0,0,0,0,0,0,0,0,0
9450,0,0,0,0,0,0,0,0,0,0
9504,0,0,0,0,0,0,0,0,0,0
9558,0,0,0,0,0,0,0,0,0,0
9612,0,0,0,0,0,0,0,0,0,0
9666,0,0,0,0,0,0,0,0,0,0
9720,0,0,0,0,0,0,0,0,0,0
9774,0,0,0,0,0,0,0,0,0,0
9828,0,0,0,0,0,0,0,0,0,0
9882,0,0,0,0,0,0,0,0,0,0
9936,0,0,0,0,0,0,0,0,0,0
9990,0,0,0,0,0,0,0,0,0,0
10044,0,0,0,0,0,0,0,0,0,0
10098,0,0,0,0,0,0,0,0,0,0
10152,0,0,0,0,0,0,0,0,0,0
10206,0,0,0,0,0,0,0,0,0,0
10260,0,0,0,0,0,0,0,0,0,0
10314,0,0,0,0,0,0,0,0,0,0
10368,0,0,0,0,0,0,0,0,0,0
10422,0,0,0,0,0,0,0,0,0,0
10476,0,0,0,0,0,0,0,0,0,0
10530,0,0,0,0,0,0,0,0,0,0
10584,0,0,0,0,0,0,0,0,0,0
10638,0,0,0,0,0,0,0,0,0,0
10692,0,0,0,0,0,0,0,0,0,0
10746,0,0,0,0,0,0,0,0,0,0
10800,0,0,0,0,0,0,0,0,0,0
10854,0,0,0,0,0,0,0,0,0,0
10908,0,0,0,0,0,0,0,0,0,0
10962,0,0,0,0,0,0,0,0,0,0
11016,0,0,0,0,0,0,0,0,0,0
11070,0,0,0,0,0,0,0,0,0,0
11124,0,0,0,0,0,0,0,0,0,0
11178,0,0,0,0,0,0,0,0,0,0
11232,0,0,0,0,0,0,0,0,0,0
11286,0,0,0,0,0,0,0,0,0,0
11340,0,0,0,0,0,0,0,0,0,0
11394,0,0,0,0,0,0,0,0,0,0
11448,0,0,0,0,0,0,0,0,0,0
11502,0,0,0,0,0,0,0,0,0,0
11556,0,0,0,0,0,0,0,0,0,0
11610,0,0,0,0,0,0,0,0,0,0
11664,0,0,0,0,0,0,0,0,0,0
11718,0,0,0,0,0,0,0,0,0,0
11772,0,0,0,0,0,0,0,0,0,0
11826,0,0,0,0,0,0,0,0,0,0
11880,0,0,0,0,0,0,0,0,0,0
11934,0,0,0,0,0,0,0,0,0,0
11988,0,0,0,0,0,0,0,0,0,0
12042,0,0,0,0,0,0,0,0,0,0
12096,0,0,0,0,0,0,0,0,0,0
12150,0,0,0,0,0,0,0,0,0,0
12204,0,0,0,0,0,0,0,0,0,0
12258,0,0,0,0,0,0,0,0,0,0
12312,0,0,0,0,0,0,0,0,0,0
12366,0,0,0,0,0,0,0,0,0,0
12420,0,0,0,0,0,0,0,0,0,0
12474,0,0,0,0,0,0,0,0,0,0
12528,0,0,0,0,0,0,0,0,0,0
12582,0,0,0,0,0,0,0,0,0,0
12636,0,0,0,0,0,0,0,0,0,0
12690,0,0,0,0,0,0,0,0,0,0
12744,0,0,0,0,0,0,0,0,0,0
12798,0,0,0,0,0,0,0,0,0,0
12852,0,0,0,0,0,0,0,0,0,0
12906,0,0,0,0,0,0,0,0,0,0
12960,0,0,0,0,0,0,0,0,0,0
13014,0,0,0,0,0,0,0,0,0,0
13068,0,0,0,0,0,0,0,0,0,0
13122,0,0,0,0,0,0,0,0,0,0
13176,0,0,0,0,0,0,0,0,0,0
13230,0,0,0,0,0,0,0,0,0,0
13284,0,0,0,0,0,0,0,0,0,0
13338,0,0,0,0,0,0,0,0,0,0
13392,0,0,0,0,0,0,0,0,0,0
13446,0,0,0,0,0,0,0,0,0,0
13500,0,0,0,0,0,0,0,0,0,0
13554,0,0,0,0,0,0,0,0,0,0
13608,0,0,0,0,0,0,0,0,0,0
13662,0,0,0,0,0,0,0,0,0,0
13716,0,0,0,0,0,0,0,0,0,0
13770,0,0,0,0,0,0,0,0,0,0
13824,0,0,0,0,0,0,0,0,0,0
13878,0,0,0,0,0,0,0,0,0,0
13932,0,0,0,0,0,0,0,0,0,0
13986,0,0,0,0,0,0,0,0,0,0
14040,0,0,0,0,0,0,0,0,0,0
14094,0,0,0,0,0,0,0,0,0,0
14148,0,0,0,0,0,0,0,0,0,0
14202,0,0,0,0,0,0,0,0,0,0
14256,0,0,0,0,0,0,0,0,0,0
14310,0,0,0,0,0,0,0,0,0,0
14364,0,0,0,0,0,0,0,0,0,0
14418,0,0,0,0,0,0,0,0,0,0
14472,0,0,0,0,0,0,0,0,0,0
14526,0,0,0,0,0,0,0,0,0,0
14580,0,0,0,0,0,0,0,0,0,0
14634,0,0,0,0,0,0,0,0,0,0
14688,0,0,0,0,0,0,0,0,0,0
14742,0,0,0,0,0,0,0,0,0,0
14796,0,0,0,0,0,0,0,0,0,0
14850,0,0,0,0,0,0,0,0,0,0
14904,0,0,0,0,0,0,0,0,0,0
14958,0,0,0,0,0,0,0,0,0,0
15012,0,0,0,0,0,0,0,0,0,0
15066,0,0,0,0,0,0,0,0,0,0
15120,0,0,0,0,0,0,0,0,0,0
15174,0,0,0,0,0,0,0,0,0,0
15228,0,0,0,0,0,0,0,0,0,0
15282,0,0,0,0,0,0,0,0,0,0
15336,0,0,0,0,0,0,0,0,0,0
15390,0,0,0,0,0,0,0,0,0,0
15444,0,0,0,0,0,0,0,0,0,0
15498,0,0,0,0,0,0,0,0,0,0
15552,0,0,0,0,0,0,0,0,0,0
15606,0,0,0,0,0,0,0,0,0,0
15660,0,0,0,0,0,0,0,0,0,0
15714,0,0,0,0,0,0,0,0,0,0
15768,0,0,0,0,0,0,0,0,0,0
15822,0,0,0,0,0,0,0,0,0,0
15876,0,0,0,0,0,0,0,0,0,0
15930,0,0,0,0,0,0,0,0,0,0
15984,0,0,0,0,0,0,0,0,0,0
16038,0,0,0,0,0,0,0,0,0,0
16092,0,0,0,0,0,0,0,0,0,0
16146,0,0,0,0,0,0,0,0,0,0
16200,0,0,0,0,0,0,0,0,0,0
16254,0,0,0,0,0,0,0,0,0,0
16308,0,0,0,0,0,0,0,0,0,0
16362,0,0,0,0,0,0,0,0,0,0
16416,0,0,0,0,0,0,0,0,0,0
16470,0,0,0,0,0,0,0,0,0,0
16524,0,0,0,0,0,0,0,0,0,0
16578,0,0,0,0,0,0,0,0,0,0
16632,0,0,0,0,0,0,0,0,0,0
16686,0,0,0,0,0,0,0,0,0,0
16740,0,0,0,0,0,0,0,0,0,0
16794,0,0,0,0,0,0,0,0,0,0
16848,0,0,0,0,0,0,0,0,0,0
16902,0,0,0,0,0,0,0,0,0,0
16956,0,0,0,0,0,0,0,0,0,0
17010,0,0,0,0,0,0,0,0,0,0
17064,0,0,0,0,0,0,0,0,0,0
17118,0,0,0,0,0,0,0,0,0,0
17172,0,0,0,0,0,0,0,0,0,0
17226,0,0,0,0,0,0,0,0,0,0
17280,0,0,0,0,0,0,0,0,0,0
17334,0,0,0,0,0,0,0,0,0,0
17388,0,0,0,0,0,0,0,0,0,0
17442,0,0,0,0,0,0,0,0,0,0
17496,0,0,0,0,0,0,0,0,0,0
17550,0,0,0,0,0,0,0,0,0,0
17604,0,0,0,0,0,0,0,0,0,0
17658,0,0,0,0,0,0,0,0,0,0
17712,0,0,0,0,0,0,0,0,0,0
17766,0,0,0,0,0,0,0,0,0,0
17820,0,0,0,0,0,0,0,0,0,0
17874,0,0,0,0,0,0,0,0,0,0
17928,0,0,0,0,0,0,0,0,0,0
17982,0,0,0,0,0,0,0,0,0,0
18036,0,0,0,0,0,0,0,0,0,0
18090,0,0,0,0,0,0,0,0,0,0
18144,0,0,0,0,0,0,0,0,0,0
18198,0,0,0,0,0,0,0,0,0,0
18252,0,0,0,0,0,0,0,0,0,0
18306,0,0,0,0,0,0,0,0,0,0
18360,0,0,0,0,0,0,0,0,0,0
18414,0,0,0,0,0,0,0,0,0,0
18468,0,0,0,0,0,0,0,0,0,0
18522,0,0,0,0,0,0,0,0,0,0
18576,0,0,0,0,0,0,0,0,0,0
18630,0,0,0,0,0,0,0,0,0,0
18684,0,0,0,0,0,0,0,0,0,0
18738,0,0,0,0,0,0,0,0,0,0
18792,0,0,0,0,0,0,0,0,0,0
18846,0,0,0,0,0,0,0,0,0,0
18900,0,0,0,0,0,0,0,0,0,0
18954,0,0,0,0,0,0,0,0,0,0
19008,0,0,0,0,0,0,0,0,0,0
19062,0,0,0,0,0,0,0,0,0,0
19116,0,0,0,0,0,0,0,0,0,0
19170,0,0,0,0,0,0,0,0,0,0
19224,0,0,0,0,0,0,0,0,0,0
19278,0,0,0,0,0,0,0,0,0,0
19332,0,0,0,0,0,0,0,0,0,0
19386,0,0,0,0,0,0,0,0,0,0
19440,0,0,0,0,0,0,0,0,0,0
19494,0,0,0,0,0,0,0,0,0,0
19548,0,0,0,0,0,0,0,0,0,0
19602,0,0,0,0,0,0,0,0,0,0
19656,0,0,0,0,0,0,0,0,0,0
19710,0,0,0,0,0,0,0,0,0,0
19764,0,0,0,0,0,0,0,0,0,0
19818,0,0,0,0,0,0,0,0,0,0
19872,0,0,0,0,0,0,0,0,0,0
19926,0,0,0,0,0,0,0,0,0,0
19980,0,0,0,0,0,0,0,0,0,0
20034,0,0,0,0,0,0,0,0,0,0
20088,0,0,0,0,0,0,0,0,0,0
20142,0,0,0,0,0,0,0,0,0,0
20196,0,0,0,0,0,0,0,0,0,0
20250,0,0,0,0,0,0,0,0,0,0
20304,0,0,0,0,0,0,0,0,0,0
20358,0,0,0,0,0,0,0,0,0,0
20412,0,0,0,0,0,0,0,0,0,0
20466,0,0,0,0,0,0,0,0,0,0
20520,0,0,0,0,0,0,0,0,0,0
20574,0,0,0,0,0,0,0,0,0,0
20628,0,0,0,0,0,0,0,0,0,0
20682,0,0,0,0,0,0,0,0,0,0
20736,0,0,0,0,0,0,0,0,0,0
20790,0,0,0,0,0,0,0,0,0,0
20844,0,0,0,0,0,0,0,0,0,0
20898,0,0,0,0,0,0,0,0,0,0
20952,0,0,0,0,0,0,0,0,0,0
21006,0,0,0,0,0,0,0,0,0,0
21060,0,0,0,0,0,0,0,0,0,0
21114,0,0,0,0,0,0,0,0,0,0
21168,0,0,0,0,0,0,0,0,0,0
21222,0,0,0,0,0,0,0,0,0,0
21276,0,0,0,0,0,0,0,0,0,0
21330,0,0,0,0,0,0,0,0,0,0
21384,0,0,0,0,0,0,0,0,0,0
21438,0,0,0,0,0,0,0,0,0,0
21492,0,0,0,0,0,0,0,0,0,0
21546,0,0,0,0,0,0,0,0,0,0
21600,0,0,0,0,0,0,0,0,0,0
21654,0,0,0,0,0,0,0,0,0,0
21708,0,0,0,0,0,0,0,0,0,0
21762,0,0,0,0,0,0,0,0,0,0
21816,0,0,0,0,0,0,0,0,0,0
21870,0,0,0,0,0,0,0,0,0,0
21924,0,0,0,0,0,0,0,0,0,0
21978,0,0,0,0,0,0,0,0,0,0
22032,0,0,0,0,0,0,0,0,0,0
22086,0,0,0,0,0,0,0,0,0,0
22140,0,0,0,0,0,0,0,0,0,0
22194,0,0,0,0,0,0,0,0,0,0
22248,0,0,0,0,0,0,0,0,0,0
22302,0,0,0,0,0,0,0,0,0,0
22356,0,0,0,0,0,0,0,0,0,0
22410,0,0,0,0,0,0,0,0,0,0
22464,0,0,0,0,0,0,0,0,0,0
22518,0,0,0,0,0,0,0,0,0,0
22572,0,0,0,0,0,0,0,0,0,0
22626,0,0,0,0,0,0,0,0,0,0
22680,0,0,0,0,0,0,0,0,0,0
22734,0,0,0,0,0,0,0,0,0,0
22788,0,0,0,0,0,0,0,0,0,0
22842,0,0,0,0,0,0,0,0,0,0
22896,0,0,0,0,0,0,0,0,0,0
22950,0,0,0,0,0,0,0,0,0,0
23004,0,0,0,0,0,0,0,0,0,0
23058,0,0,0,0,0,0,0,0,0,0
23112,0,0,0,0,0,0,0,0,0,0
23166,0,0,0,0,0,0,0,0,0,0
23220,0,0,0,0,0,0,0,0,0,0
23274,0,0,0,0,0,0,0,0,0,0
23328,0,0,0,0,0,0,0,0,0,0
23382,0,0,0,0,0,0,0,0,0,0
23436,0,0,0,0,0,0,0,0,0,0
23490,0,0,0,0,0,0,0,0,0,0
23544,0,0,0,0,0,0,0,0,0,0
23598,0,0,0,0,0,0,0,0,0,0
23652,0,0,0,0,0,0,0,0,0,0
23706,0,0,0,0,0,0,0,0,0,0
23760,0,0,0,0,0,0,0,0,0,0
23814,0,0,0,0,0,0,0,0,0,0
23868,0,0,0,0,0,0,0,0,0,0
23922,0,0,0,0,0,0,0,0,0,0
23976,0,0,0,0,0,0,0,0,0,0
24030,0,0,0,0,0,0,0,0,0,0
24084,0,0,0,0,0,0,0,0,0,0
24138,0,0,0,0,0,0,0,0,0,0
24192,0,0,0,0,0,0,0,0,0,0
24246,0,0,0,0,0,0,0,0,0,0
24300,0,0,0,0,0,0,0,0,0,0
24354,0,0,0,0,0,0,0,0,0,0
24408,0,0,0,0,0,0,0,0,0,0
24462,0,0,0,0,0,0,0,0,0,0
24516,0,0,0,0,0,0,0,0,0,0
24570,0,0,0,0,0,0,0,0,0,0
24624,0,0,0,0,0,0,0,0,0,0
24678,0,0,0,0,0,0,0,0,0,0
24732,0,0,0,0,0,0,0,0,0,0
24786,0,0,0,0,0,0,0,0,0,0
24840,0,0,0,0,0,0,0,0,0,0
24894,0,0,0,0,0,0,0,0,0,0
24948,0,0,0,0,0,0,0,0,0,0
25002,0,0,0,0,0,0,0,0,0,0
25056,0,0,0,0,0,0,0,0,0,0
25110,0,0,0,0,0,0,0,0,0,0
25164,0,0,0,0,0,0,0,0,0,0
25218,0,0,0,0,0,0,0,0,0,0
25272,0,0,0,0,0,0,0,0,0,0
25326,0,0,0,0,0,0,0,0,0,0
25380,0,0,0,0,0,0,0,0,0,0
25434,0,0,0,0,0,0,0,0,0,0
25488,0,0,0,0,0,0,0,0,0,0
25542,0,0,0,0,0,0,0,0,0,0
25596,0,0,0,0,0,0,0,0,0,0
25650,0,0,0,0,0,0,0,0,0,0
25704,0,0,0,0,0,0,0,0,0,0
25758,0,0,0,0,0,0,0,0,0,0
25812,0,0,0,0,0,0,0,0,0,0
25866,0,0,0,0,0,0,0,0,0,0
25920,0,0,0,0,0,0,0,0,0,0
25974,0,0,0,0,0,0,0,0,0,0
26028,0,0,0,0,0,0,0,0,0,0
26082,0,0,0,0,0,0,0,0,0,0
26136,0,0,0,0,0,0,0,0,0,0
26190,0,0,0,0,0,0,0,0,0,0
26244,0,0,0,0,0,0,0,0,0,0
26298,0,0,0,0,0,0,0,0,0,0
26352,0,0,0,0,0,0,0,0,0,0
26406,0,0,0,0,0,0,0,0,0,0
26460,0,0,0,0,0,0,0,0,0,0
26514,0,0,0,0,0,0,0,0,0,0
26568,0,0,0,0,0,0,0,0,0,0
26622,0,0,0,0,0,0,0,0,0,0
26676,0,0,0,0,0,0,0,0,0,0
26730,0,0,0,0,0,0,0,0,0,0
26784,0,0,0,0,0,0,0,0,0,0
26838,0,0,0,0,0,0,0,0,0,0
26892,0,0,0,0,0,0,0,0,0,0
26946,0,0,0,0,0,0,0,0,0,0
27000,0,0,0,0,0,0,0,0,0,0
27054,0,0,0,0,0,0,0,0,0,0
27108,0,0,0,0,0,0,0,0,0,0
27162,0,0,0,0,0,0,0,0,0,0
27216,0,0,0,0,0,0,0,0,0,0
27270,0,0,0,0,0,0,0,0,0,0
27324,0,0,0,0,0,0,0,0,0,0
27378,0,0,0,0,0,0,0,0,0,0
27432,0,0,0,0,0,0,0,0,0,0
27486,0,0,0,0,0,0,0,0,0,0
27540,0,0,0,0,0,0,0,0,0,0
27594,0,0,0,0,0,0,0,0,0,0
27648,0,0,0,0,0,0,0,0,0,0
27702,0,0,0,0,0,0,0,0,0,0
27756,0,0,0,0,0,0,0,0,0,0
27810,0,0,0,0,0,0,0,0,0,0
27864,0,0,0,0,0,0,0,0,0,0
27918,0,0,0,0,0,0,0,0,0,0
27972,0,0,0,0,0,0,0,0,0,0
28026,0,0,0,0,0,0,0,0,0,0
28080,0,0,0,0,0,0,0,0,0,0
28134,0,0,0,0,0,0,0,0,0,0
28188,0,0,0,0,0,0,0,0,0,0
28242,0,0,0,0,0,0,0,0,0,0
28296,0,0,0,0,0,0,0,0,0,0
28350,0,0,0,0,0,0,0,0,0,0
28404,0,0,0,0,0,0,0,0,0,0
28458,0,0,0,0,0,0,0,0,0,0
28512,0,0,0,0,0,0,0,0,0,0
28566,0,0,0,0,0,0,0,0,0,0
28620,0,0,0,0,0,0,0,0,0,0
28674,0,0,0,0,0,0,0,0,0,0
28728,0,0,0,0,0,0,0,0,0,0
28782,0,0,0,0,0,0,0,0,0,0
28836,0,0,0,0,0,0,0,0,0,0
28890,0,0,0,0,0,0,0,0,0,0
28944,0,0,0,0,0,0,0,0,0,0
28998,0,0,0,0,0,0,0,0,0,0
29052,0,0,0,0,0,0,0,0,0,0
29106,0,0,0,0,0,0,0,0,0,0
29160,0,0,0,0,0,0,0,0,0,0
29214,0,0,0,0,0,0,0,0,0,0
29268,0,0,0,0,0,0,0,0,0,0
29322,0,0,0,0,0,0,0,0,0,0
29376,0,0,0,0,0,0,0,0,0,0
29430,0,0,0,0,0,0,0,0,0,0
29484,0,0,0,0,0,0,0,0,0,0
29538,0,0,0,0,0,0,0,0,0,0
29592,0,0,0,0,0,0,0,0,0,0
29646,0,0,0,0,0,0,0,0,0,0
29700,0,0,0,0,0,0,0,0,0,0
29754,0,0,0,0,0,0,0,0,0,0
29808,0,0,0,0,0,0,0,0,0,0
29862,0,0,0,0,0,0,0,0,0,0
29916,0,0,0,0,0,0,0,0,0,0
29970,0,0,0,0,0,0,0,0,0,0
30024,0,0,0,0,0,0,0,0,0,0
30078,0,0,0,0,0,0,0,0,0,0
30132,0,0,0,0,0,0,0,0,0,0
30186,0,0,0,0,0,0,0,0,0,0
30240,0,0,0,0,0,0,0,0,0,0
30294,0,0,0,0,0,0,0,0,0,0
30348,0,0,0,0,0,0,0,0,0,0
30402,0,0,0,0,0,0,0,0,0,0
30456,0,0,0,0,0,0,0,0,0,0
30510,0,0,0,0,0,0,0,0,0,0
30564,0,0,0,0,0,0,0,0,0,0
30618,0,0,0,0,0,0,0,0,0,0
30672,0,0,0,0,0,0,0,0,0,0
30726,0,0,0,0,0,0,0,0,0,0
30780,0,0,0,0,0,0,0,0,0,0
30834,0,0,0,0,0,0,0,0,0,0
30888,0,0,0,0,0,0,0,0,0,0
30942,0,0,0,0,0,0,0,0,0,0
30996,0,0,0,0,0,0,0,0,0,0
31050,0,0,0,0,0,0,0,0,0,0
31104,0,0,0,0,0,0,0,0,0,0
31158,0,0,0,0,0,0,0,0,0,0
31212,0,0,0,0,0,0,0,0,0,0
31266,0,0,0,0,0,0,0,0,0,0
31320,0,0,0,0,0,0,0,0,0,0
31374,0,0,0,0,0,0,0,0,0,0
31428,0,0,0,0,0,0,0,0,0,0
31482,0,0,0,0,0,0,0,0,0,0
31536,0,0,0,0,0,0,0,0,0,0
31590,0,0,0,0,0,0,0,0,0,0
31644,0,0,0,0,0,0,0,0,0,0
31698,0,0,0,0,0,0,0,0,0,0
31752,0,0,0,0,0,0,0,0,0,0
31806,0,0,0,0,0,0,0,0,0,0
31860,0,0,0,0,0,0,0,0,0,0
31914,0,0,0,0,0,0,0,0,0,0
31968,0,0,0,0,0,0,0,0,0,0
32022,0,0,0,0,0,0,0,0,0,0
32076,0,0,0,0,0,0,0,0,0,0
32130,0,0,0,0,0,0,0,0,0,0
32184,0,0,0,0,0,0,0,0,0,0
32238,0,0,0,0,0,0,0,0,0,0
32292,0,0,0,0,0,0,0,0,0,0
32346,0,0,0,0,0,0,0,0,0,0
32400,0,0,0,0,0,0,0,0,0,0
32454,0,0,0,0,0,0,0,0,0,0
32508,0,0,0,0,0,0,0,0,0,0
32562,0,0,0,0,0,0,0,0,0,0
32616,0,0,0,0,0,0,0,0,0,0
32670,0,0,0,0,0,0,0,0,0,0
32724,0,0,0,0,0,0,0,0,0,0
32778,0,0,0,0,0,0,0,0,0,0
32832,0,0,0,0,0,0,0,0,0,0
32886,0,0,0,0,0,0,0,0,0,0
32940,0,0,0,0,0,0,0,0,0,0
32994,0,0,0,0,0,0,0,0,0,0
33048,0,0,0,0,0,0,0,0,0,0
33102,0,0,0,0,0,0,0,0,0,0
33156,0,0,0,0,0,0,0,0,0,0
33210,0,0,0,0,0,0,0,0,0,0
33264,0,0,0,0,0,0,0,0,0,0
33318,0,0,0,0,0,0,0,0,0,0
33372,0,0,0,0,0,0,0,0,0,0
33426,0,0,0,0,0,0,0,0,0,0
33480,0,0,0,0,0,0,0,0,0,0
33534,0,0,0,0,0,0,0,0,0,0
33588,0,0,0,0,0,0,0,0,0,0
33642,0,0,0,0,0,0,0,0,0,0
33696,0,0,0,0,0,0,0,0,0,0
33750,0,0,0,0,0,0,0,0,0,0
33804,0,0,0,0,0,0,0,0,0,0
33858,0,0,0,0,0,0,0,0,0,0
33912,0,0,0,0,0,0,0,0,0,0
33966,0,0,0,0,0,0,0,0,0,0
34020,0,0,0,0,0,0,0,0,0,0
34074,0,0,0,0,0,0,0,0,0,0
34128,0,0,0,0,0,0,0,0,0,0
34182,0,0,0,0,0,0,0,0,0,0
34236,0,0,0,0,0,0,0,0,0,0
34290,0,0,0,0,0,0,0,0,0,0
34344,0,0,0,0,0,0,0,0,0,0
34398,0,0,0,0,0,0,0,0,0,0
34452,0,0,0,0,0,0,0,0,0,0
34506,0,0,0,0,0,0,0,0,0,0
34560,0,0,0,0,0,0,0,0,0,0
34614,0,0,0,0,0,0,0,0,0,0
34668,0,0,0,0,0,0,0,0,0,0
34722,0,0,0,0,0,0,0,0,0,0
34776,0,0,0,0,0,0,0,0,0,0
34830,0,0,0,0,0,0,0,0,0,0
34884,0,0,0,0,0,0,0,0,0,0
34938,0,0,0,0,0,0,0,0,0,0
34992,0,0,0,0,0,0,0,0,0,0
35046,0,0,0,0,0,0,0,0,0,0
35100,0,0,0,0,0,0,0,0,0,0
35154,0,0,0,0,0,0,0,0,0,0
35208,0,0,0,0,0,0,0,0,0,0
35262,0,0,0,0,0,0,0,0,0,0
35316,0,0,0,0,0,0,0,0,0,0
35370,0,0,0,0,0,0,0,0,0,0
35424,0,0,0,0,0,0,0,0,0,0
35478,0,0,0,0,0,0,0,0,0,0
35532,0,0,0,0,0,0,0,0,0,0
35586,0,0,0,0,0,0,0,0,0,0
35640,0,0,0,0,0,0,0,0,0,0
35694,0,0,0,0,0,0,0,0,0,0
35748,0,0,0,0,0,0,0,0,0,0
35802,0,0,0,0,0,0,0,0,0,0
35856,0,0,0,0,0,0,0,0,0,0
35910,0,0,0,0,0,0,0,0,0,0
35964,0,0,0,0,0,0,0,0,0,0
36018,0,0,0,0,0,0,0,0,0,0
36072,0,0,0,0,0,0,0,0,0,0
36126,0,0,0,0,0,0,0,0,0,0
36180,0,0,0,0,0,0,0,0,0,0
36234,0,0,0,0,0,0,0,0,0,0
36288,0,0,0,0,0,0,0,0,0,0
36342,0,0,0,0,0,0,0,0,0,0
36396,0,0,0,0,0,0,0,0,0,0
36450,0,0,0,0,0,0,0,0,0,0
36504,0,0,0,0,0,0,0,0,0,0
36558,0,0,0,0,0,0,0,0,0,0
36612,0,0,0,0,0,0,0,0,0,0
36666,0,0,0,0,0,0,0,0,0,0
36720,0,0,0,0,0,0,0,0,0,0
36774,0,0,0,0,0,0,0,0,0,0
36828,0,0,0,0,0,0,0,0,0,0
36882,0,0,0,0,0,0,0,0,0,0
36936,0,0,0,0,0,0,0,0,0,0
36990,0,0,0,0,0,0,0,0,0,0
37044,0,0,0,0,0,0,0,0,0,0
37098,0,0,0,0,0,0,0,0,0,0
37152,0,0,0,0,0,0,0,0,0,0
37206,0,0,0,0,0,0,0,0,0,0
37260,0,0,0,0,0,0,0,0,0,0
37314,0,0,0,0,0,0,0,0,0,0
37368,0,0,0,0,0,0,0,0,0,0
37422,0,0,0,0,0,0,0,0,0,0
37476,0,0,0,0,0,0,0,0,0,0
37530,0,0,0,0,0,0,0,0,0,0
37584,0,0,0,0,0,0,0,0,0,0
37638,0,0,0,0,0,0,0,0,0,0
37692,0,0,0,0,0,0,0,0,0,0
37746,0,0,0,0,0,0,0,0,0,0
37800,0,0,0,0,0,0,0,0,0,0
37854,0,0,0,0,0,0,0,0,0,0
37908,0,0,0,0,0,0,0,0,0,0
37962,0,0,0,0,0,0,0,0,0,0
38016,0,0,0,0,0,0,0,0,0,0
38070,0,0,0,0,0,0,0,0,0,0
38124,0,0,0,0,0,0,0,0,0,0
38178,0,0,0,0,0,0,0,0,0,0
38232,0,0,0,0,0,0,0,0,0,0
38286,0,0,0,0,0,0,0,0,0,0
38340,0,0,0,0,0,0,0,0,0,0
38394,0,0,0,0,0,0,0,0,0,0
38448,0,0,0,0,0,0,0,0,0,0
38502,0,0,0,0,0,0,0,0,0,0
38556,0,0,0,0,0,0,0,0,0,0
38610,0,0,0,0,0,0,0,0,0,0
38664,0,0,0,0,0,0,0,0,0,0
38718,0,0,0,0,0,0,0,0,0,0
38772,0,0,0,0,0,0,0,0,0,0
38826,0,0,0,0,0,0,0,0,0,0
38880,0,0,0,0,0,0,0,0,0,0
38934,0,0,0,0,0,0,0,0,0,0
38988,0,0,0,0,0,0,0,0,0,0
39042,0,0,0,0,0,0,0,0,0,0
39096,0,0,0,0,0,0,0,0,0,0
39150,0,0,0,0,0,0,0,0,0,0
39204,0,0,0,0,0,0,0,0,0,0
39258,0,0,0,0,0,0,0,0,0,0
39312,0,0,0,0,0,0,0,0,0,0
39366,0,0,0,0,0,0,0,0,0,0
39420,0,0,0,0,0,0,0,0,0,0
39474,0,0,0,0,0,0,0,0,0,0
39528,0,0,0,0,0,0,0,0,0,0
39582,0,0,0,0,0,0,0,0,0,0
39636,0,0,0,0,0,0,0,0,0,0
39690,0,0,0,0,0,0,0,0,0,0
39744,0,0,0,0,0,0,0,0,0,0
39798,0,0,0,0,0,0,0,0,0,0
39852,0,0,0,0,0,0,0,0,0,0
39906,0,0,0,0,0,0,0,0,0,0
39960,0,0,0,0,0,0,0,0,0,0
40014,0,0,0,0,0,0,0,0,0,0
40068,0,0,0,0,0,0,0,0,0,0
40122,0,0,0,0,0,0,0,0,0,0
40176,0,0,0,0,0,0,0,0,0,0
40230,0,0,0,0,0,0,0,0,0,0
40284,0,0,0,0,0,0,0,0,0,0
40338,0,0,0,0,0,0,0,0,0,0
40392,0,0,0,0,0,0,0,0,0,0
40446,0,0,0,0,0,0,0,0,0,0
40500,0,0,0,0,0,0,0,0,0,0
40554,0,0,0,0,0,0,0,0,0,0
40608,0,0,0,0,0,0,0,0,0,0
40662,0,0,0,0,0,0,0,0,0,0
40716,0,0,0,0,0,0,0,0,0,0
40770,0,0,0,0,0,0,0,0,0,0
40824,0,0,0,0,0,0,0,0,0,0
40878,0,0,0,0,0,0,0,0,0,0
40932,0,0,0,0,0,0,0,0,0,0
40986,0,0,0,0,0,0,0,0,0,0
41040,0,0,0,0,0,0,0,0,0,0
41094,0,0,0,0,0,0,0,0,0,0
41148,0,0,0,0,0,0,0,0,0,0
41202,0,0,0,0,0,0,0,0,0,0
41256,0,0,0,0,0,0,0,0,0,0
41310,0,0,0,0,0,0,0,0,0,0
41364,0,0,0,0,0,0,0,0,0,0
41418,0,0,0,0,0,0,0,0,0,0
41472,0,0,0,0,0,0,0,0,0,0
41526,0,0,0,0,0,0,0,0,0,0
41580,0,0,0,0,0,0,0,0,0,0
41634,0,0,0,0,0,0,0,0,0,0
41688,0,0,0,0,0,0,0,0,0,0
41742,0,0,0,0,0,0,0,0,0,0
41796,0,0,0,0,0,0,0,0,0,0
41850,0,0,0,0,0,0,0,0,0,0
41904,0,0,0,0,0,0,0,0,0,0
41958,0,0,0,0,0,0,0,0,0,0
42012,0,0,0,0,0,0,0,0,0,0
42066,0,0,0,0,0,0,0,0,0,0
42120,0,0,0,0,0,0,0,0,0,0
42174,0,0,0,0,0,0,0,0,0,0
42228,0,0,0,0,0,0,0,0,0,0
42282,0,0,0,0,0,0,0,0,0,0
42336,0,0,0,0,0,0,0,0,0,0
42390,0,0,0,0,0,0,0,0,0,0
42444,0,0,0,0,0,0,0,0,0,0
42498,0,0,0,0,0,0,0,0,0,0
42552,0,0,0,0,0,0,0,0,0,0
42606,0,0,0,0,0,0,0,0,0,0
42660,0,0,0,0,0,0,0,0,0,0
42714,0,0,0,0,0,0,0,0,0,0
42768,0,0,0,0,0,0,0,0,0,0
42822,0,0,0,0,0,0,0,0,0,0
42876,0,0,0,0,0,0,0,0,0,0
42930,0,0,0,0,0,0,0,0,0,0
42984,0,0,0,0,0,0,0,0,0,0
43038,0,0,0,0,0,0,0,0,0,0
43092,0,0,0,0,0,0,0,0,0,0
43146,0,0,0,0,0,0,0,0,0,0
43200,0,0,0,0,0,0,0,0,0,0
43254,0,0,0,0,0,0,0,0,0,0
43308,0,0,0,0,0,0,0,0,0,0
43362,0,0,0,0,0,0,0,0,0,0
43416,0,0,0,0,0,0,0,0,0,0
43470,0,0,0,0,0,0,0,0,0,0
43524,0,0,0,0,0,0,0,0,0,0
43578,0,0,0,0,0,0,0,0,0,0
43632,0,0,0,0,0,0,0,0,0,0
43686,0,0,0,0,0,0,0,0,0,0
43740,0,0,0,0,0,0,0,0,0,0
43794,0,0,0,0,0,0,0,0,0,0
43848,0,0,0,0,0,0,0,0,0,0
43902,0,0,0,0,0,0,0,0,0,0
43956,0,0,0,0,0,0,0,0,0,0
44010,0,0,0,0,0,0,0,0,0,0
44064,0,0,0,0,0,0,0,0,0,0
44118,0,0,0,0,0,0,0,0,0,0
44172,0,0,0,0,0,0,0,0,0,0
44226,0,0,0,0,0,0,0,0,0,0
44280,0,0,0,0,0,0,0,0,0,0
44334,0,0,0,0,0,0,0,0,0,0
44388,0,0,0,0,0,0,0,0,0,0
44442,0,0,0,0,0,0,0,0,0,0
44496,0,0,0,0,0,0,0,0,0,0
44550,0,0,0,0,0,0,0,0,0,0
44604,0,0,0,0,0,0,0,0,0,0
44658,0,0,0,0,0,0,0,0,0,0
44712,0,0,0,0,0,0,0,0,0,0
44766,0,0,0,0,0,0,0,0,0,0
44820,0,0,0,0,0,0,0,0,0,0
44874,0,0,0,0,0,0,0,0,0,0
44928,0,0,0,0,0,0,0,0,0,0
44982,0,0,0,0,0,0,0,0,0,0
45036,0,0,0,0,0,0,0,0,0,0
45090,0,0,0,0,0,0,0,0,0,0
45144,0,0,0,0,0,0,0,0,0,0
45198,0,0,0,0,0,0,0,0,0,0
45252,0,0,0,0,0,0,0,0,0,0
45306,0,0,0,0,0,0,0,0,0,0
45360,0,0,0,0,0,0,0,0,0,0
45414,0,0,0,0,0,0,0,0,0,0
45468,0,0,0,0,0,0,0,0,0,0
45522,0,0,0,0,0,0,0,0,0,0
45576,0,0,0,0,0,0,0,0,0,0
45630,0,0,0,0,0,0,0,0,0,0
45684,0,0,0,0,0,0,0,0,0,0
45738,0,0,0,0,0,0,0,0,0,0
45792,0,0,0,0,0,0,0,0,0,0
45846,0,0,0,0,0,0,0,0,0,0
45900,0,0,0,0,0,0,0,0,0,0
45954,0,0,0,0,0,0,0,0,0,0
46008,0,0,0,0,0,0,0,0,0,0
46062,0,0,0,0,0,0,0,0,0,0
46116,0,0,0,0,0,0,0,0,0,0
46170,0,0,0,0,0,0,0,0,0,0
46224,0,0,0,0,0,0,0,0,0,0
46278,0,0,0,0,0,0,0,0,0,0
46332,0,0,0,0,0,0,0,0,0,0
46386,0,0,0,0,0,0,0,0,0,0
46440,0,0,0,0,0,0,0,0,0,0
46494,0,0,0,0,0,0,0,0,0,0
46548,0,0,0,0,0,0,0,0,0,0
46602,0,0,0,0,0,0,0,0,0,0
46656,0,0,0,0,0,0,0,0,0,0
46710,0,0,0,0,0,0,0,0,0,0
46764,0,0,0,0,0,0,0,0,0,0
46818,0,0,0,0,0,0,0,0,0,0
46872,0,0,0,0,0,0,0,0,0,0
46926,0,0,0,0,0,0,0,0,0,0
46980,0,0,0,0,0,0,0,0,0,0
47034,0,0,0,0,0,0,0,0,0,0
47088,0,0,0,0,0,0,0,0,0,0
47142,0,0,0,0,0,0,0,0,0,0
47196,0,0,0,0,0,0,0,0,0,0
47250,0,0,0,0,0,0,0,0,0,0
47304,0,0,0,0,0,0,0,0,0,0
47358,0,0,0,0,0,0,0,0,0,0
47412,0,0,0,0,0,0,0,0,0,0
47466,0,0,0,0,0,0,0,0,0,0
47520,0,0,0,0,0,0,0,0,0,0
47574,0,0,0,0,0,0,0,0,0,0
47628,0,0,0,0,0,0,0,0,0,0
47682,0,0,0,0,0,0,0,0,0,0
47736,0,0,0,0,0,0,0,0,0,0
47790,0,0,0,0,0,0,0,0,0,0
47844,0,0,0,0,0,0,0,0,0,0
47898,0,0,0,0,0,0,0,0,0,0
47952,0,0,0,0,0,0,0,0,0,0
48006,0,0,0,0,0,0,0,0,0,0
48060,0,0,0,0,0,0,0,0,0,0
48114,0,0,0,0,0,0,0,0,0,0
48168,0,0,0,0,0,0,0,0,0,0
48222,0,0,0,0,0,0,0,0,0,0
48276,0,0,0,0,0,0,0,0,0,0
48330,0,0,0,0,0,0,0,0,0,0
48384,0,0,0,0,0,0,0,0,0,0
48438,0,0,0,0,0,0,0,0,0,0
48492,0,0,0,0,0,0,0,0,0,0
48546,0,0,0,0,0,0,0,0,0,0
48600,0,0,0,0,0,0,0,0,0,0
48654,0,0,0,0,0,0,0,0,0,0
48708,0,0,0,0,0,0,0,0,0,0
48762,0,0,0,0,0,0,0,0,0,0
48816,0,0,0,0,0,0,0,0,0,0
48870,0,0,0,0,0,0,0,0,0,0
48924,0,0,0,0,0,0,0,0,0,0
48978,0,0,0,0,0,0,0,0,0,0
49032,0,0,0,0,0,0,0,0,0,0
49086,0,0,0,0,0,0,0,0,0,0
49140,0,0,0,0,0,0,0,0,0,0
49194,0,0,0,0,0,0,0,0,0,0
49248,0,0,0,0,0,0,0,0,0,0
49302,0,0,0,0,0,0,0,0,0,0
49356,0,0,0,0,0,0,0,0,0,0
49410,0,0,0,0,0,0,0,0,0,0
49464,0,0,0,0,0,0,0,0,0,0
49518,0,0,0,0,0,0,0,0,0,0
49572,0,0,0,0,0,0,0,0,0,0
49626,0,0,0,0,0,0,0,0,0,0
49680,0,0,0,0,0,0,0,0,0,0
49734,0,0,0,0,0,0,0,0,0,0
49788,0,0,0,0,0,0,0,0,0,0
49842,0,0,0,0,0,0,0,0,0,0
49896,0,0,0,0,0,0,0,0,0,0
49950,0,0,0,0,0,0,0,0,0,0
50004,0,0,0,0,0,0,0,0,0,0
50058,0,0,0,0,0,0,0,0,0,0
50112,0,0,0,0,0,0,0,0,0,0
50166,0,0,0,0,0,0,0,0,0,0
50220,0,0,0,0,0,0,0,0,0,0
50274,0,0,0,0,0,0,0,0,0,0
50328,0,0,0,0,0,0,0,0,0,0
50382,0,0,0,0,0,0,0,0,0,0
50436,0,0,0,0,0,0,0,0,0,0
50490,0,0,0,0,0,0,0,0,0,0
50544,0,0,0,0,0,0,0,0,0,0
50598,0,0,0,0,0,0,0,0,0,0
50652,0,0,0,0,0,0,0,0,0,0
50706,0,0,0,0,0,0,0,0,0,0
50760,0,0,0,0,0,0,0,0,0,0
50814,0,0,0,0,0,0,0,0,0,0
50868,0,0,0,0,0,0,0,0,0,0
50922,0,0,0,0,0,0,0,0,0,0
50976,0,0,0,0,0,0,0,0,0,0
51030,0,0,0,0,0,0,0,0,0,0
51084,0,0,0,0,0,0,0,0,0,0
51138,0,0,0,0,0,0,0,0,0,0
51192,0,0,0,0,0,0,0,0,0,0
51246,0,0,0,0,0,0,0,0,0,0
51300,0,0,0,0,0,0,0,0,0,0
51354,0,0,0,0,0,0,0,0,0,0
51408,0,0,0,0,0,0,0,0,0,0
51462,0,0,0,0,0,0,0,0,0,0
51516,0,0,0,0,0,0,0,0,0,0
51570,0,0,0,0,0,0,0,0,0,0
51624,0,0,0,0,0,0,0,0,0,0
51678,0,0,0,0,0,0,0,0,0,0
51732,0,0,0,0,0,0,0,0,0,0
51786,0,0,0,0,0,0,0,0,0,0
51840,0,0,0,0,0,0,0,0,0,0
51894,0,0,0,0,0,0,0,0,0,0
51948,0,0,0,0,0,0,0,0,0,0
52002,0,0,0,0,0,0,0,0,0,0
52056,0,0,0,0,0,0,0,0,0,0
52110,0,0,0,0,0,0,0,0,0,0
52164,0,0,0,0,0,0,0,0,0,0
52218,0,0,0,0,0,0,0,0,0,0
52272,0,0,0,0,0,0,0,0,0,0
52326,0,0,0,0,0,0,0,0,0,0
52380,0,0,0,0,0,0,0,0,0,0
52434,0,0,0,0,0,0,0,0,0,0
52488,0,0,0,0,0,0,0,0,0,0
52542,0,0,0,0,0,0,0,0,0,0
52596,0,0,0,0,0,0,0,0,0,0
52650,0,0,0,0,0,0,0,0,0,0
52704,0,0,0,0,0,0,0,0,0,0
52758,0,0,0,0,0,0,0,0,0,0
52812,0,0,0,0,0,0,0,0,0,0
52866,0,0,0,0,0,0,0,0,0,0
52920,0,0,0,0,0,0,0,0,0,0
52974,0,0,0,0,0,0,0,0,0,0
53028,0,0,0,0,0,0,0,0,0,0
53082,0,0,0,0,0,0,0,0,0,0
53136,0,0,0,0,0,0,0,0,0,0
53190,0,0,0,0,0,0,0,0,0,0
53244,0,0,0,0,0,0,0,0,0,0
53298,0,0,0,0,0,0,0,0,0,0
53352,0,0,0,0,0,0,0,0,0,0
53406,0,0,0,0,0,0,0,0,0,0
53460,0,0,0,0,0,0,0,0,0,0
53514,0,0,0,0,0,0,0,0,0,0
53568,0,0,0,0,0,0,0,0,0,0
53622,0,0,0,0,0,0,0,0,0,0
53676,0,0,0,0,0,0,0,0,0,0
53730,0,0,0,0,0,0,0,0,0,0
53784,0,0,0,0,0,0,0,0,0,0
53838,0,0,0,0,0,0,0,0,0,0
53892,0,0,0,0,0,0,0,0,0,0
53946,0,0,0,0,0,0,0,0,0,0
54000,0,0,0,0,0,0,0,0,0,0
54054,0,0,0,0,0,0,0,0,0,0
54108,0,0,0,0,0,0,0,0,0,0
54162,0,0,0,0,0,0,0,0,0,0
54216,0,0,0,0,0,0,0,0,0,0
54270,0,0,0,0,0,0,0,0,0,0
54324,0,0,0,0,0,0,0,0,0,0
54378,0,0,0,0,0,0,0,0,0,0
54432,0,0,0,0,0,0,0,0,0,0
54486,0,0,0,0,0,0,0,0,0,0
54540,0,0,0,0,0,0,0,0,0,0
54594,0,0,0,0,0,0,0,0,0,0
54648,0,0,0,0,0,0,0,0,0,0
54702,0,0,0,0,0,0,0,0,0,0
54756,0,0,0,0,0,0,0,0,0,0
54810,0,0,0,0,0,0,0,0,0,0
54864,0,0,0,0,0,0,0,0,0,0
54918,0,0,0,0,0,0,0,0,0,0
54972,0,0,0,0,0,0,0,0,0,0
55026,0,0,0,0,0,0,0,0,0,0
55080,0,0,0,0,0,0,0,0,0,0
55134,0,0,0,0,0,0,0,0,0,0
55188,0,0,0,0,0,0,0,0,0,0
55242,0,0,0,0,0,0,0,0,0,0
55296,0,0,0,0,0,0,0,0,0,0
55350,0,0,0,0,0,0,0,0,0,0
55404,0,0,0,0,0,0,0,0,0,0
55458,0,0,0,0,0,0,0,0,0,0
55512,0,0,0,0,0,0,0,0,0,0
55566,0,0,0,0,0,0,0,0,0,0
55620,0,0,0,0,0,0,0,0,0,0
55674,0,0,0,0,0,0,0,0,0,0
55728,0,0,0,0,0,0,0,0,0,0
55782,0,0,0,0,0,0,0,0,0,0
55836,0,0,0,0,0,0,0,0,0,0
55890,0,0,0,0,0,0,0,0,0,0
55944,0,0,0,0,0,0,0,0,0,0
55998,0,0,0,0,0,0,0,0,0,0
56052,0,0,0,0,0,0,0,0,0,0
56106,0,0,0,0,0,0,0,0,0,0
56160,0,0,0,0,0,0,0,0,0,0
56214,0,0,0,0,0,0,0,0,0,0
56268,0,0,0,0,0,0,0,0,0,0
56322,0,0,0,0,0,0,0,0,0,0
56376,0,0,0,0,0,0,0,0,0,0
56430,0,0,0,0,0,0,0,0,0,0
56484,0,0,0,0,0,0,0,0,0,0
56538,0,0,0,0,0,0,0,0,0,0
56592,0,0,0,0,0,0,0,0,0,0
56646,0,0,0,0,0,0,0,0,0,0
56700,0,0,0,0,0,0,0,0,0,0
56754,0,0,0,0,0,0,0,0,0,0
56808,0,0,0,0,0,0,0,0,0,0
56862,0,0,0,0,0,0,0,0,0,0
56916,0,0,0,0,0,0,0,0,0,0
56970,0,0,0,0,0,0,0,0,0,0
57024,0,0,0,0,0,0,0,0,0,0
57078,0,0,0,0,0,0,0,0,0,0
57132,0,0,0,0,0,0,0,0,0,0
57186,0,0,0,0,0,0,0,0,0,0
57240,0,0,0,0,0,0,0,0,0,0
57294,0,0,0,0,0,0,0,0,0,0
57348,0,0,0,0,0,0,0,0,0,0
57402,0,0,0,0,0,0,0,0,0,0
57456,0,0,0,0,0,0,0,0,0,0
57510,0,0,0,0,0,0,0,0,0,0
57564,0,0,0,0,0,0,0,0,0,0
57618,0,0,0,0,0,0,0,0,0,0
57672,0,0,0,0,0,0,0,0,0,0
57726,0,0,0,0,0,0,0,0,0,0
57780,0,0,0,0,0,0,0,0,0,0
57834,0,0,0,0,0,0,0,0,0,0
57888,0,0,0,0,0,0,0,0,0,0
57942,0,0,0,0,0,0,0,0,0,0
57996,0,0,0,0,0,0,0,0,0,0
58050,0,0,0,0,0,0,0,0,0,0
58104,0,0,0,0,0,0,0,0,0,0
58158,0,0,0,0,0,0,0,0,0,0
58212,0,0,0,0,0,0,0,0,0,0
58266,0,0,0,0,0,0,0,0,0,0
58320,0,0,0,0,0,0,0,0,0,0
58374,0,0,0,0,0,0,0,0,0,0
58428,0,0,0,0,0,0,0,0,0,0
58482,0,0,0,0,0,0,0,0,0,0
58536,0,0,0,0,0,0,0,0,0,0
58590,0,0,0,0,0,0,0,0,0,0
58644,0,0,0,0,0,0,0,0,0,0
58698,0,0,0,0,0,0,0,0,0,0
58752,0,0,0,0,0,0,0,0,0,0
58806,0,0,0,0,0,0,0,0,0,0
58860,0,0,0,0,0,0,0,0,0,0
58914,0,0,0,0,0,0,0,0,0,0
58968,0,0,0,0,0,0,0,0,0,0
59022,0,0,0,0,0,0,0,0,0,0
59076,0,0,0,0,0,0,0,0,0,0
59130,0,0,0,0,0,0,0,0,0,0
59184,0,0,0,0,0,0,0,0,0,0
59238,0,0,0,0,0,0,0,0,0,0
59292,0,0,0,0,0,0,0,0,0,0
59346,0,0,0,0,0,0,0,0,0,0
59400,0,0,0,0,0,0,0,0,0,0
59454,0,0,0,0,0,0,0,0,0,0
59508,0,0,0,0,0,0,0,0,0,0
59562,0,0,0,0,0,0,0,0,0,0
59616,0,0,0,0,0,0,0,0,0,0
59670,0,0,0,0,0,0,0,0,0,0
59724,0,0,0,0,0,0,0,0,0,0
59778,0,0,0,0,0,0,0,0,0,0
59832,0,0,0,0,0,0,0,0,0,0
59886,0,0,0,0,0,0,0,0,0,0
59940,0,0,0,0,0,0,0,0,0,0
59994,0,0,0,0,0,0,0,0,0,0
60048,0,0,0,0,0,0,0,0,0,0
60102,0,0,0,0,0,0,0,0,0,0
60156,0,0,0,0,0,0,0,0,0,0
60210,0,0,0,0,0,0,0,0,0,0
60264,0,0,0,0,0,0,0,0,0,0
60318,0,0,0,0,0,0,0,0,0,0
60372,0,0,0,0,0,0,0,0,0,0
60426,0,0,0,0,0,0,0,0,0,0
60480,0,0,0,0,0,0,0,0,0,0
60534,0,0,0,0,0,0,0,0,0,0
60588,0,0,0,0,0,0,0,0,0,0
60642,0,0,0,0,0,0,0,0,0,0
60696,0,0,0,0,0,0,0,0,0,0
60750,0,0,0,0,0,0,0,0,0,0
60804,0,0,0,0,0,0,0,0,0,0
60858,0,0,0,0,0,0,0,0,0,0
60912,0,0,0,0,0,0,0,0,0,0
60966,0,0,0,0,0,0,0,0,0,0
61020,0,0,0,0,0,0,0,0,0,0
61074,0,0,0,0,0,0,0,0,0,0
61128,0,0,0,0,0,0,0,0,0,0
61182,0,0,0,0,0,0,0,0,0,0
61236,0,0,0,0,0,0,0,0,0,0
61290,0,0,0,0,0,0,0,0,0,0
61344,0,0,0,0,0,0,0,0,0,0
61398,0,0,0,0,0,0,0,0,0,0
61452,0,0,0,0,0,0,0,0,0,0
61506,0,0,0,0,0,0,0,0,0,0
61560,0,0,0,0,0,0,0,0,0,0
61614,0,0,0,0,0,0,0,0,0,0
61668,0,0,0,0,0,0,0,0,0,0
61722,0,0,0,0,0,0,0,0,0,0
61776,0,0,0,0,0,0,0,0,0,0
61830,0,0,0,0,0,0,0,0,0,0
61884,0,0,0,0,0,0,0,0,0,0
61938,0,0,0,0,0,0,0,0,0,0
61992,0,0,0,0,0,0,0,0,0,0
62046,0,0,0,0,0,0,0,0,0,0
62100,0,0,0,0,0,0,0,0,0,0
62154,0,0,0,0,0,0,0,0,0,0
62208,0,0,0,0,0,0,0,0,0,0
62262,0,0,0,0,0,0,0,0,0,0
62316,0,0,0,0,0,0,0,0,0,0
62370,0,0,0,0,0,0,0,0,0,0
62424,0,0,0,0,0,0,0,0,0,0
62478,0,0,0,0,0,0,0,0,0,0
62532,0,0,0,0,0,0,0,0,0,0
62586,0,0,0,0,0,0,0,0,0,0
62640,0,0,0,0,0,0,0,0,0,0
62694,0,0,0,0,0,0,0,0,0,0
62748,0,0,0,0,0,0,0,0,0,0
62802,0,0,0,0,0,0,0,0,0,0
62856,0,0,0,0,0,0,0,0,0,0
62910,0,0,0,0,0,0,0,0,0,0
62964,0,0,0,0,0,0,0,0,0,0
63018,0,0,0,0,0,0,0,0,0,0
63072,0,0,0,0,0,0,0,0,0,0
63126,0,0,0,0,0,0,0,0,0,0
63180,0,0,0,0,0,0,0,0,0,0
63234,0,0,0,0,0,0,0,0,0,0
63288,0,0,0,0,0,0,0,0,0,0
63342,0,0,0,0,0,0,0,0,0,0
63396,0,0,0,0,0,0,0,0,0,0
63450,0,0,0,0,0,0,0,0,0,0
63504,0,0,0,0,0,0,0,0,0,0
63558,0,0,0,0,0,0,0,0,0,0
63612,0,0,0,0,0,0,0,0,0,0
63666,0,0,0,0,0,0,0,0,0,0
63720,0,0,0,0,0,0,0,0,0,0
63774,0,0,0,0,0,0,0,0,0,0
63828,0,0,0,0,0,0,0,0,0,0
63882,0,0,0,0,0,0,0,0,0,0
63936,0,0,0,0,0,0,0,0,0,0
63990,0,0,0,0,0,0,0,0,0,0
64044,0,0,0,0,0,0,0,0,0,0
64098,0,0,0,0,0,0,0,0,0,0
64152,0,0,0,0,0,0,0,0,0,0
64206,0,0,0,0,0,0,0,0,0,0
64260,0,0,0,0,0,0,0,0,0,0
64314,0,0,0,0,0,0,0,0,0,0
64368,0,0,0,0,0,0,0,0,0,0
64422,0,0,0,0,0,0,0,0,0,0
64476,0,0,0,0,0,0,0,0,0,0
64530,0,0,0,0,0,0,0,0,0,0
64584,0,0,0,0,0,0,0,0,0,0
64638,0,0,0,0,0,0,0,0,0,0
64692,0,0,0,0,0,0,0,0,0,0
64746,0,0,0,0,0,0,0,0,0,0
64800,0,0,0,0,0,0,0,0,0,0
64854,0,0,0,0,0,0,0,0,0,0
64908,0,0,0,0,0,0,0,0,0,0
64962,0,0,0,0,0,0,0,0,0,0
65016,0,0,0,0,0,0,0,0,0,0
65070,0,0,0,0,0,0,0,0,0,0
65124,0,0,0,0,0,0,0,0,0,0
65178,0,0,0,0,0,0,0,0,0,0
65232,0,0,0,0,0,0,0,0,0,0
65286,0,0,0,0,0,0,0,0,0,0
65340,0,0,0,0,0,0,0,0,0,0
65394,0,0,0,0,0,0,0,0,0,0
65448,0,0,0,0,0,0,0,0,0,0
65502,0,0,0,0,0,0,0,0,0,0
65556,0,0,0,0,0,0,0,0,0,0
65610,0,0,0,0,0,0,0,0,0,0
65664,0,0,0,0,0,0,0,0,0,0
65718,0,0,0,0,0,0,0,0,0,0
65772,0,0,0,0,0,0,0,0,0,0
65826,0,0,0,0,0,0,0,0,0,0
65880,0,0,0,0,0,0,0,0,0,0
65934,0,0,0,0,0,0,0,0,0,0
65988,0,0,0,0,0,0,0,0,0,0
66042,0,0,0,0,0,0,0,0,0,0
66096,0,0,0,0,0,0,0,0,0,0
66150,0,0,0,0,0,0,0,0,0,0
66204,0,0,0,0,0,0,0,0,0,0
66258,0,0,0,0,0,0,0,0,0,0
66312,0,0,0,0,0,0,0,0,0,0
66366,0,0,0,0,0,0,0,0,0,0
66420,0,0,0,0,0,0,0,0,0,0
66474,0,0,0,0,0,0,0,0,0,0
66528,0,0,0,0,0,0,0,0,0,0
66582,0,0,0,0,0,0,0,0,0,0
66636,0,0,0,0,0,0,0,0,0,0
66690,0,0,0,0,0,0,0,0,0,0
66744,0,0,0,0,0,0,0,0,0,0
66798,0,0,0,0,0,0,0,0,0,0
66852,0,0,0,0,0,0,0,0,0,0
66906,0,0,0,0,0,0,0,0,0,0
66960,0,0,0,0,0,0,0,0,0,0
67014,0,0,0,0,0,0,0,0,0,0
67068,0,0,0,0,0,0,0,0,0,0
67122,0,0,0,0,0,0,0,0,0,0
67176,0,0,0,0,0,0,0,0,0,0
67230,0,0,0,0,0,0,0,0,0,0
67284,0,0,0,0,0,0,0,0,0,0
67338,0,0,0,0,0,0,0,0,0,0
67392,0,0,0,0,0,0,0,0,0,0
67446,0,0,0,0,0,0,0,0,0,0
67500,0,0,0,0,0,0,0,0,0,0
67554,0,0,0,0,0,0,0,0,0,0
67608,0,0,0,0,0,0,0,0,0,0
67662,0,0,0,0,0,0,0,0,0,0
67716,0,0,0,0,0,0,0,0,0,0
67770,0,0,0,0,0,0,0,0,0,0
67824,0,0,0,0,0,0,0,0,0,0
67878,0,0,0,0,0,0,0,0,0,0
67932,0,0,0,0,0,0,0,0,0,0
67986,0,0,0,0,0,0,0,0,0,0
68040,0,0,0,0,0,0,0,0,0,0
68094,0,0,0,0,0,0,0,0,0,0
68148,0,0,0,0,0,0,0,0,0,0
68202,0,0,0,0,0,0,0,0,0,0
68256,0,0,0,0,0,0,0,0,0,0
68310,0,0,0,0,0,0,0,0,0,0
68364,0,0,0,0,0,0,0,0,0,0
68418,0,0,0,0,0,0,0,0,0,0
68472,0,0,0,0,0,0,0,0,0,0
68526,0,0,0,0,0,0,0,0,0,0
68580,0,0,0,0,0,0,0,0,0,0
68634,0,0,0,0,0,0,0,0,0,0
68688,0,0,0,0,0,0,0,0,0,0
68742,0,0,0,0,0,0,0,0,0,0
68796,0,0,0,0,0,0,0,0,0,0
68850,0,0,0,0,0,0,0,0,0,0
68904,0,0,0,0,0,0,0,0,0,0
68958,0,0,0,0,0,0,0,0,0,0
69012,0,0,0,0,0,0,0,0,0,0
69066,0,0,0,0,0,0,0,0,0,0
69120,0,0,0,0,0,0,0,0,0,0
69174,0,0,0,0,0,0,0,0,0,0
69228,0,0,0,0,0,0,0,0,0,0
69282,0,0,0,0,0,0,0,0,0,0
69336,0,0,0,0,0,0,0,0,0,0
69390,0,0,0,0,0,0,0,0,0,0
69444,0,0,0,0,0,0,0,0,0,0
69498,0,0,0,0,0,0,0,0,0,0
69552,0,0,0,0,0,0,0,0,0,0
69606,0,0,0,0,0,0,0,0,0,0
69660,0,0,0,0,0,0,0,0,0,0
69714,0,0,0,0,0,0,0,0,0,0
69768,0,0,0,0,0,0,0,0,0,0
69822,0,0,0,0,0,0,0,0,0,0
69876,0,0,0,0,0,0,0,0,0,0
69930,0,0,0,0,0,0,0,0,0,0
69984,0,0,0,0,0,0,0,0,0,0
70038,0,0,0,0,0,0,0,0,0,0
70092,0,0,0,0,0,0,0,0,0,0
70146,0,0,0,0,0,0,0,0,0,0
70200,0,0,0,0,0,0,0,0,0,0
70254,0,0,0,0,0,0,0,0,0,0
70308,0,0,0,0,0,0,0,0,0,0
70362,0,0,0,0,0,0,0,0,0,0
70416,0,0,0,0,0,0,0,0,0,0
70470,0,0,0,0,0,0,0,0,0,0
70524,0,0,0,0,0,0,0,0,0,0
70578,0,0,0,0,0,0,0,0,0,0
70632,0,0,0,0,0,0,0,0,0,0
70686,0,0,0,0,0,0,0,0,0,0
70740,0,0,0,0,0,0,0,0,0,0
70794,0,0,0,0,0,0,0,0,0,0
70848,0,0,0,0,0,0,0,0,0,0
70902,0,0,0,0,0,0,0,0,0,0
70956,0,0,0,0,0,0,0,0,0,0
71010,0,0,0,0,0,0,0,0,0,0
71064,0,0,0,0,0,0,0,0,0,0
71118,0,0,0,0,0,0,0,0,0,0
71172,0,0,0,0,0,0,0,0,0,0
71226,0,0,0,0,0,0,0,0,0,0
71280,0,0,0,0,0,0,0,0,0,0
71334,0,0,0,0,0,0,0,0,0,0
71388,0,0,0,0,0,0,0,0,0,0
71442,0,0,0,0,0,0,0,0,0,0
71496,0,0,0,0,0,0,0,0,0,0
71550,0,0,0,0,0,0,0,0,0,0
71604,0,0,0,0,0,0,0,0,0,0
71658,0,0,0,0,0,0,0,0,0,0
71712,0,0,0,0,0,0,0,0,0,0
71766,0,0,0,0,0,0,0,0,0,0
71820,0,0,0,0,0,0,0,0,0,0
71874,0,0,0,0,0,0,0,0,0,0
71928,0,0,0,0,0,0,0,0,0,0
71982,0,0,0,0,0,0,0,0,0,0
72036,0,0,0,0,0,0,0,0,0,0
72090,0,0,0,0,0,0,0,0,0,0
72144,0,0,0,0,0,0,0,0,0,0
72198,0,0,0,0,0,0,0,0,0,0
72252,0,0,0,0,0,0,0,0,0,0
72306,0,0,0,0,0,0,0,0,0,0
72360,0,0,0,0,0,0,0,0,0,0
72414,0,0,0,0,0,0,0,0,0,0
72468,0,0,0,0,0,0,0,0,0,0
72522,0,0,0,0,0,0,0,0,0,0
72576,0,0,0,0,0,0,0,0,0,0
72630,0,0,0,0,0,0,0,0,0,0
72684,0,0,0,0,0,0,0,0,0,0
72738,0,0,0,0,0,0,0,0,0,0
72792,0,0,0,0,0,0,0,0,0,0
72846,0,0,0,0,0,0,0,0,0,0
72900,0,0,0,0,0,0,0,0,0,0
72954,0,0,0,0,0,0,0,0,0,0
73008,0,0,0,0,0,0,0,0,0,0
73062,0,0,0,0,0,0,0,0,0,0
73116,0,0,0,0,0,0,0,0,0,0
73170,0,0,0,0,0,0,0,0,0,0
73224,0,0,0,0,0,0,0,0,0,0
73278,0,0,0,0,0,0,0,0,0,0
73332,0,0,0,0,0,0,0,0,0,0
73386,0,0,0,0,0,0,0,0,0,0
73440,0,0,0,0,0,0,0,0,0,0
73494,0,0,0,0,0,0,0,0,0,0
73548,0,0,0,0,0,0,0,0,0,0
73602,0,0,0,0,0,0,0,0,0,0
73656,0,0,0,0,0,0,0,0,0,0
73710,0,0,0,0,0,0,0,0,0,0
73764,0,0,0,0,0,0,0,0,0,0
73818,0,0,0,0,0,0,0,0,0,0
73872,0,0,0,0,0,0,0,0,0,0
73926,0,0,0,0,0,0,0,0,0,0
73980,0,0,0,0,0,0,0,0,0,0
74034,0,0,0,0,0,0,0,0,0,0
74088,0,0,0,0,0,0,0,0,0,0
74142,0,0,0,0,0,0,0,0,0,0
74196,0,0,0,0,0,0,0,0,0,0
74250,0,0,0,0,0,0,0,0,0,0
74304,0,0,0,0,0,0,0,0,0,0
74358,0,0,0,0,0,0,0,0,0,0
74412,0,0,0,0,0,0,0,0,0,0
74466,0,0,0,0,0,0,0,0,0,0
74520,0,0,0,0,0,0,0,0,0,0
74574,0,0,0,0,0,0,0,0,0,0
74628,0,0,0,0,0,0,0,0,0,0
74682,0,0,0,0,0,0,0,0,0,0
74736,0,0,0,0,0,0,0,0,0,0
74790,0,0,0,0,0,0,0,0,0,0
74844,0,0,0,0,0,0,0,0,0,0
74898,0,0,0,0,0,0,0,0,0,0
74952,0,0,0,0,0,0,0,0,0,0
75006,0,0,0,0,0,0,0,0,0,0
75060,0,0,0,0,0,0,0,0,0,0
75114,0,0,0,0,0,0,0,0,0,0
75168,0,0,0,0,0,0,0,0,0,0
75222,0,0,0,0,0,0,0,0,0,0
75276,0,0,0,0,0,0,0,0,0,0
75330,0,0,0,0,0,0,0,0,0,0
75384,0,0,0,0,0,0,0,0,0,0
75438,0,0,0,0,0,0,0,0,0,0
75492,0,0,0,0,0,0,0,0,0,0
75546,0,0,0,0,0,0,0,0,0,0
75600,0,0,0,0,0,0,0,0,0,0
75654,0,0,0,0,0,0,0,0,0,0
75708,0,0,0,0,0,0,0,0,0,0
75762,0,0,0,0,0,0,0,0,0,0
75816,0,0,0,0,0,0,0,0,0,0
75870,0,0,0,0,0,0,0,0,0,0
75924,0,0,0,0,0,0,0,0,0,0
75978,0,0,0,0,0,0,0,0,0,0
76032,0,0,0,0,0,0,0,0,0,0
76086,0,0,0,0,0,0,0,0,0,0
76140,0,0,0,0,0,0,0,0,0,0
76194,0,0,0,0,0,0,0,0,0,0
76248,0,0,0,0,0,0,0,0,0,0
76302,0,0,0,0,0,0,0,0,0,0
76356,0,0,0,0,0,0,0,0,0,0
76410,0,0,0,0,0,0,0,0,0,0
76464,0,0,0,0,0,0,0,0,0,0
76518,0,0,0,0,0,0,0,0,0,0
76572,0,0,0,0,0,0,0,0,0,0
76626,0,0,0,0,0,0,0,0,0,0
76680,0,0,0,0,0,0,0,0,0,0
76734,0,0,0,0,0,0,0,0,0,0
76788,0,0,0,0,0,0,0,0,0,0
76842,0,0,0,0,0,0,0,0,0,0
76896,0,0,0,0,0,0,0,0,0,0
76950,0,0,0,0,0,0,0,0,0,0
77004,0,0,0,0,0,0,0,0,0,0
77058,0,0,0,0,0,0,0,0,0,0
77112,0,0,0,0,0,0,0,0,0,0
77166,0,0,0,0,0,0,0,0,0,0
77220,0,0,0,0,0,0,0,0,0,0
77274,0,0,0,0,0,0,0,0,0,0
77328,0,0,0,0,0,0,0,0,0,0
77382,0,0,0,0,0,0,0,0,0,0
77436,0,0,0,0,0,0,0,0,0,0
77490,0,0,0,0,0,0,0,0,0,0
77544,0,0,0,0,0,0,0,0,0,0
77598,0,0,0,0,0,0,0,0,0,0
77652,0,0,0,0,0,0,0,0,0,0
77706,0,0,0,0,0,0,0,0,0,0
77760,0,0,0,0,0,0,0,0,0,0
77814,0,0,0,0,0,0,0,0,0,0
77868,0,0,0,0,0,0,0,0,0,0
77922,0,0,0,0,0,0,0,0,0,0
77976,0,0,0,0,0,0,0,0,0,0
78030,0,0,0,0,0,0,0,0,0,0
78084,0,0,0,0,0,0,0,0,0,0
78138,0,0,0,0,0,0,0,0,0,0
78192,0,0,0,0,0,0,0,0,0,0
78246,0,0,0,0,0,0,0,0,0,0
78300,0,0,0,0,0,0,0,0,0,0
78354,0,0,0,0,0,0,0,0,0,0
78408,0,0,0,0,0,0,0,0,0,0
78462,0,0,0,0,0,0,0,0,0,0
78516,0,0,0,0,0,0,0,0,0,0
78570,0,0,0,0,0,0,0,0,0,0
78624,0,0,0,0,0,0,0,0,0,0
78678,0,0,0,0,0,0,0,0,0,0
78732,0,0,0,0,0,0,0,0,0,0
78786,0,0,0,0,0,0,0,0,0,0
78840,0,0,0,0,0,0,0,0,0,0
78894,0,0,0,0,0,0,0,0,0,0
78948,0,0,0,0,0,0,0,0,0,0
79002,0,0,0,0,0,0,0,0,0,0
79056,0,0,0,0,0,0,0,0,0,0
79110,0,0,0,0,0,0,0,0,0,0
79164,0,0,0,0,0,0,0,0,0,0
79218,0,0,0,0,0,0,0,0,0,0
79272,0,0,0,0,0,0,0,0,0,0
79326,0,0,0,0,0,0,0,0,0,0
79380,0,0,0,0,0,0,0,0,0,0
79434,0,0,0,0,0,0,0,0,0,0
79488,0,0,0,0,0,0,0,0,0,0
79542,0,0,0,0,0,0,0,0,0,0
79596,0,0,0,0,0,0,0,0,0,0
79650,0,0,0,0,0,0,0,0,0,0
79704,0,0,0,0,0,0,0,0,0,0
79758,0,0,0,0,0,0,0,0,0,0
79812,0,0,0,0,0,0,0,0,0,0
79866,0,0,0,0,0,0,0,0,0,0
79920,0,0,0,0,0,0,0,0,0,0
79974,0,0,0,0,0,0,0,0,0,0
80028,0,0,0,0,0,0,0,0,0,0
80082,0,0,0,0,0,0,0,0,0,0
80136,0,0,0,0,0,0,0,0,0,0
80190,0,0,0,0,0,0,0,0,0,0
80244,0,0,0,0,0,0,0,0,0,0
80298,0,0,0,0,0,0,0,0,0,0
80352,0,0,0,0,0,0,0,0,0,0
80406,0,0,0,0,0,0,0,0,0,0
80460,0,0,0,0,0,0,0,0,0,0
80514,0,0,0,0,0,0,0,0,0,0
80568,0,0,0,0,0,0,0,0,0,0
80622,0,0,0,0,0,0,0,0,0,0
80676,0,0,0,0,0,0,0,0,0,0
80730,0,0,0,0,0,0,0,0,0,0
80784,0,0,0,0,0,0,0,0,0,0
80838,0,0,0,0,0,0,0,0,0,0
80892,0,0,0,0,0,0,0,0,0,0
80946,0,0,0,0,0,0,0,0,0,0
81000,0,0,0,0,0,0,0,0,0,0
81054,0,0,0,0,0,0,0,0,0,0
81108,0,0,0,0,0,0,0,0,0,0
81162,0,0,0,0,0,0,0,0,0,0
81216,0,0,0,0,0,0,0,0,0,0
81270,0,0,0,0,0,0,0,0,0,0
81324,0,0,0,0,0,0,0,0,0,0
81378,0,0,0,0,0,0,0,0,0,0
81432,0,0,0,0,0,0,0,0,0,0
81486,0,0,0,0,0,0,0,0,0,0
81540,0,0,0,0,0,0,0,0,0,0
81594,0,0,0,0,0,0,0,0,0,0
81648,0,0,0,0,0,0,0,0,0,0
81702,0,0,0,0,0,0,0,0,0,0
81756,0,0,0,0,0,0,0,0,0,0
81810,0,0,0,0,0,0,0,0,0,0
81864,0,0,0,0,0,0,0,0,0,0
81918,0,0,0,0,0,0,0,0,0,0
81972,0,0,0,0,0,0,0,0,0,0
82026,0,0,0,0,0,0,0,0,0,0
82080,0,0,0,0,0,0,0,0,0,0
82134,0,0,0,0,0,0,0,0,0,0
82188,0,0,0,0,0,0,0,0,0,0
82242,0,0,0,0,0,0,0,0,0,0
82296,0,0,0,0,0,0,0,0,0,0
82350,0,0,0,0,0,0,0,0,0,0
82404,0,0,0,0,0,0,0,0,0,0
82458,0,0,0,0,0,0,0,0,0,0
82512,0,0,0,0,0,0,0,0,0,0
82566,0,0,0,0,0,0,0,0,0,0
82620,0,0,0,0,0,0,0,0,0,0
82674,0,0,0,0,0,0,0,0,0,0
82728,0,0,0,0,0,0,0,0,0,0
82782,0,0,0,0,0,0,0,0,0,0
82836,0,0,0,0,0,0,0,0,0,0
82890,0,0,0,0,0,0,0,0,0,0
82944,0,0,0,0,0,0,0,0,0,0
82998,0,0,0,0,0,0,0,0,0,0
83052,0,0,0,0,0,0,0,0,0,0
83106,0,0,0,0,0,0,0,0,0,0
83160,0,0,0,0,0,0,0,0,0,0
83214,0,0,0,0,0,0,0,0,0,0
83268,0,0,0,0,0,0,0,0,0,0
83322,0,0,0,0,0,0,0,0,0,0
83376,0,0,0,0,0,0,0,0,0,0
83430,0,0,0,0,0,0,0,0,0,0
83484,0,0,0,0,0,0,0,0,0,0
83538,0,0,0,0,0,0,0,0,0,0
83592,0,0,0,0,0,0,0,0,0,0
83646,0,0,0,0,0,0,0,0,0,0
83700,0,0,0,0,0,0,0,0,0,0
83754,0,0,0,0,0,0,0,0,0,0
83808,0,0,0,0,0,0,0,0,0,0
83862,0,0,0,0,0,0,0,0,0,0
83916,0,0,0,0,0,0,0,0,0,0
83970,0,0,0,0,0,0,0,0,0,0
84024,0,0,0,0,0,0,0,0,0,0
84078,0,0,0,0,0,0,0,0,0,0
84132,0,0,0,0,0,0,0,0,0,0
84186,0,0,0,0,0,0,0,0,0,0
84240,0,0,0,0,0,0,0,0,0,0
84294,0,0,0,0,0,0,0,0,0,0
84348,0,0,0,0,0,0,0,0,0,0
84402,0,0,0,0,0,0,0,0,0,0
84456,0,0,0,0,0,0,0,0,0,0
84510,0,0,0,0,0,0,0,0,0,0
84564,0,0,0,0,0,0,0,0,0,0
84618,0,0,0,0,0,0,0,0,0,0
84672,0,0,0,0,0,0,0,0,0,0
84726,0,0,0,0,0,0,0,0,0,0
84780,0,0,0,0,0,0,0,0,0,0
84834,0,0,0,0,0,0,0,0,0,0
84888,0,0,0,0,0,0,0,0,0,0
84942,0,0,0,0,0,0,0,0,0,0
84996,0,0,0,0,0,0,0,0,0,0
85050,0,0,0,0,0,0,0,0,0,0
85104,0,0,0,0,0,0,0,0,0,0
85158,0,0,0,0,0,0,0,0,0,0
85212,0,0,0,0,0,0,0,0,0,0
85266,0,0,0,0,0,0,0,0,0,0
85320,0,0,0,0,0,0,0,0,0,0
85374,0,0,0,0,0,0,0,0,0,0
85428,0,0,0,0,0,0,0,0,0,0
85482,0,0,0,0,0,0,0,0,0,0
85536,0,0,0,0,0,0,0,0,0,0
85590,0,0,0,0,0,0,0,0,0,0
85644,0,0,0,0,0,0,0,0,0,0
85698,0,0,0,0,0,0,0,0,0,0
85752,0,0,0,0,0,0,0,0,0,0
85806,0,0,0,0,0,0,0,0,0,0
85860,0,0,0,0,0,0,0,0,0,0
85914,0,0,0,0,0,0,0,0,0,0
85968,0,0,0,0,0,0,0,0,0,0
86022,0,0,0,0,0,0,0,0,0,0
86076,0,0,0,0,0,0,0,0,0,0
86130,0,0,0,0,0,0,0,0,0,0
86184,0,0,0,0,0,0,0,0,0,0
86238,0,0,0,0,0,0,0,0,0,0
86292,0,0,0,0,0,0,0,0,0,0
86346,0,0,0,0,0,0,0,0,0,0
86400,0,0,0,0,0,0,0,0,0,0
86454,0,0,0,0,0,0,0,0,0,0
86508,0,0,0,0,0,0,0,0,0,0
86562,0,0,0,0,0,0,0,0,0,0
86616,0,0,0,0,0,0,0,0,0,0
86670,0,0,0,0,0,0,0,0,0,0
86724,0,0,0,0,0,0,0,0,0,0
86778,0,0,0,0,0,0,0,0,0,0
86832,0,0,0,0,0,0,0,0,0,0
86886,0,0,0,0,0,0,0,0,0,0
86940,0,0,0,0,0,0,0,0,0,0
86994,0,0,0,0,0,0,0,0,0,0
87048,0,0,0,0,0,0,0,0,0,0
87102,0,0,0,0,0,0,0,0,0,0
87156,0,0,0,0,0,0,0,0,0,0
87210,0,0,0,0,0,0,0,0,0,0
87264,0,0,0,0,0,0,0,0,0,0
87318,0,0,0,0,0,0,0,0,0,0
87372,0,0,0,0,0,0,0,0,0,0
87426,0,0,0,0,0,0,0,0,0,0
87480,0,0,0,0,0,0,0,0,0,0
87534,0,0,0,0,0,0,0,0,0,0
87588,0,0,0,0,0,0,0,0,0,0
87642,0,0,0,0,0,0,0,0,0,0
87696,0,0,0,0,0,0,0,0,0,0
87750,0,0,0,0,0,0,0,0,0,0
87804,0,0,0,0,0,0,0,0,0,0
87858,0,0,0,0,0,0,0,0,0,0
87912,0,0,0,0,0,0,0,0,0,0
87966,0,0,0,0,0,0,0,0,0,0
88020,0,0,0,0,0,0,0,0,0,0
88074,0,0,0,0,0,0,0,0,0,0
88128,0,0,0,0,0,0,0,0,0,0
88182,0,0,0,0,0,0,0,0,0,0
88236,0,0,0,0,0,0,0,0,0,0
88290,0,0,0,0,0,0,0,0,0,0
88344,0,0,0,0,0,0,0,0,0,0
88398,0,0,0,0,0,0,0,0,0,0
88452,0,0,0,0,0,0,0,0,0,0
88506,0,0,0,0,0,0,0,0,0,0
88560,0,0,0,0,0,0,0,0,0,0
88614,0,0,0,0,0,0,0,0,0,0
88668,0,0,0,0,0,0,0,0,0,0
88722,0,0,0,0,0,0,0,0,0,0
88776,0,0,0,0,0,0,0,0,0,0
88830,0,0,0,0,0,0,0,0,0,0
88884,0,0,0,0,0,0,0,0,0,0
88938,0,0,0,0,0,0,0,0,0,0
88992,0,0,0,0,0,0,0,0,0,0
89046,0,0,0,0,0,0,0,0,0,0
89100,0,0,0,0,0,0,0,0,0,0
89154,0,0,0,0,0,0,0,0,0,0
89208,0,0,0,0,0,0,0,0,0,0
89262,0,0,0,0,0,0,0,0,0,0
89316,0,0,0,0,0,0,0,0,0,0
89370,0,0,0,0,0,0,0,0,0,0
89424,0,0,0,0,0,0,0,0,0,0
89478,0,0,0,0,0,0,0,0,0,0
89532,0,0,0,0,0,0,0,0,0,0
89586,0,0,0,0,0,0,0,0,0,0
89640,0,0,0,0,0,0,0,0,0,0
89694,0,0,0,0,0,0,0,0,0,0
89748,0,0,0,0,0,0,0,0,0,0
89802,0,0,0,0,0,0,0,0,0,0
90558,0,0,0,0,0,0,0,0,0,0
90612,0,0,0,0,0,0,0,0,0,0
90666,0,0,0,0,0,0,0,0,0,0
90720,0,0,0,0,0,0,0,0,0,0
90774,0,0,0,0,0,0,0,0,0,0
90828,0,0,0,0,0,0,0,0,0,0
90882,0,0,0,0,0,0,0,0,0,0
90936,0,0,0,0,0,0,0,0,0,0
90990,0,0,0,0,0,0,0,0,0,0
91044,0,0,0,0,0,0,0,0,0,0
91098,0,0,0,0,0,0,0,0,0,0
91152,0,0,0,0,0,0,0,0,0,0
91206,0,0,0,0,0,0,0,0,0,0
91260,0,0,0,0,0,0,0,0,0,0
91314,0,0,0,0,0,0,0,0,0,0
91368,0,0,0,0,0,0,0,0,0,0
91422,0,0,0,0,0,0,0,0,0,0
91476,0,0,0,0,0,0,0,0,0,0
91530,0,0,0,0,0,0,0,0,0,0
91584,0,0,0,0,0,0,0,0,0,0
91638,0,0,0,0,0,0,0,0,0,0
91692,0,0,0,0,0,0,0,0,0,0
91746,0,0,0,0,0,0,0,0,0,0
91800,0,0,0,0,0,0,0,0,0,0
91854,0,0,0,0,0,0,0,0,0,0
91908,0,0,0,0,0,0,0,0,0,0
91962,0,0,0,0,0,0,0,0,0,0
92016,0,0,0,0,0,0,0,0,0,0
92070,0,0,0,0,0,0,0,0,0,0
92124,0,0,0,0,0,0,0,0,0,0
92178,0,0,0,0,0,0,0,0,0,0
92232,0,0,0,0,0,0,0,0,0,0
92286,0,0,0,0,0,0,0,0,0,0
92340,0,0,0,0,0,0,0,0,0,0
92394,0,0,0,0,0,0,0,0,0,0
92448,0,0,0,0,0,0,0,0,0,0
92502,0,0,0,0,0,0,0,0,0,0
92556,0,0,0,0,0,0,0,0,0,0
92610,0,0,0,0,0,0,0,0,0,0
92664,0,0,0,0,0,0,0,0,0,0
92718,0,0,0,0,0,0,0,0,0,0
92772,0,0,0,0,0,0,0,0,0,0
92826,0,0,0,0,0,0,0,0,0,0
92880,0,0,0,0,0,0,0,0,0,0
92934,0,0,0,0,0,0,0,0,0,0
92988,0,0,0,0,0,0,0,0,0,0
93042,0,0,0,0,0,0,0,0,0,0
93096,0,0,0,0,0,0,0,0,0,0
93150,0,0,0,0,0,0,0,0,0,0
93204,0,0,0,0,0,0,0,0,0,0
93258,0,0,0,0,0,0,0,0,0,0
93312,0,0,0,0,0,0,0,0,0,0
93366,0,0,0,0,0,0,0,0,0,0
93420,0,0,0,0,0,0,0,0,0,0
93474,0,0,0,0,0,0,0,0,0,0
93528,0,0,0,0,0,0,0,0,0,0
93582,0,0,0,0,0,0,0,0,0,0
93636,0,0,0,0,0,0,0,0,0,0
93690,0,0,0,0,0,0,0,0,0,0
93744,0,0,0,0,0,0,0,0,0,0
93798,0,0,0,0,0,0,0,0,0,0
93852,0,0,0,0,0,0,0,0,0,0
93906,0,0,0,0,0,0,0,0,0,0
93960,0,0,0,0,0,0,0,0,0,0
94014,0,0,0,0,0,0,0,0,0,0
94068,0,0,0,0,0,0,0,0,0,0
94122,0,0,0,0,0,0,0,0,0,0
94176,0,0,0,0,0,0,0,0,0,0
94230,0,0,0,0,0,0,0,0,0,0
94284,0,0,0,0,0,0,0,0,0,0
94338,0,0,0,0,0,0,0,0,0,0
94392,0,0,0,0,0,0,0,0,0,0
94446,0,0,0,0,0,0,0,0,0,0
94500,0,0,0,0,0,0,0,0,0,0
94554,0,0,0,0,0,0,0,0,0,0
94608,0,0,0,0,0,0,0,0,0,0
94662,0,0,0,0,0,0,0,0,0,0
94716,0,0,0,0,0,0,0,0,0,0
94770,0,0,0,0,0,0,0,0,0,0
94824,0,0,0,0,0,0,0,0,0,0
94878,0,0,0,0,0,0,0,0,0,0
94932,0,0,0,0,0,0,0,0,0,0
94986,0,0,0,0,0,0,0,0,0,0
95040,0,0,0,0,0,0,0,0,0,0
95094,0,0,0,0,0,0,0,0,0,0
95148,0,0,0,0,0,0,0,0,0,0
95202,0,0,0,0,0,0,0,0,0,0
95256,0,0,0,0,0,0,0,0,0,0
95310,0,0,0,0,0,0,0,0,0,0
95364,0,0,0,0,0,0,0,0,0,0
95418,0,0,0,0,0,0,0,0,0,0
95472,0,0,0,0,0,0,0,0,0,0
95526,0,0,0,0,0,0,0,0,0,0
95580,0,0,0,0,0,0,0,0,0,0
95634,0,0,0,0,0,0,0,0,0,0
95688,0,0,0,0,0,0,0,0,0,0
95742,0,0,0,0,0,0,0,0,0,0
95796,0,0,0,0,0,0,0,0,0,0
95850,0,0,0,0,0,0,0,0,0,0
95904,0,0,0,0,0,0,0,0,0,0
95958,0,0,0,0,0,0,0,0,0,0
96012,0,0,0,0,0,0,0,0,0,0
96066,0,0,0,0,0,0,0,0,0,0
96120,0,0,0,0,0,0,0,0,0,0
96174,0,0,0,0,0,0,0,0,0,0
96228,0,0,0,0,0,0,0,0,0,0
96282,0,0,0,0,0,0,0,0,0,0
96336,0,0,0,0,0,0,0,0,0,0
96390,0,0,0,0,0,0,0,0,0,0
96444,0,0,0,0,0,0,0,0,0,0
96498,0,0,0,0,0,0,0,0,0,0
96552,0,0,0,0,0,0,0,0,0,0
96606,0,0,0,0,0,0,0,0,0,0
96660,0,0,0,0,0,0,0,0,0,0
96714,0,0,0,0,0,0,0,0,0,0
96768,0,0,0,0,0,0,0,0,0,0
96822,0,0,0,0,0,0,0,0,0,0
96876,0,0,0,0,0,0,0,0,0,0
96930,0,0,0,0,0,0,0,0,0,0
96984,0,0,0,0,0,0,0,0,0,0
97038,0,0,0,0,0,0,0,0,0,0
97092,0,0,0,0,0,0,0,0,0,0
97146,0,0,0,0,0,0,0,0,0,0
97200,0,0,0,0,0,0,0,0,0,0
97254,0,0,0,0,0,0,0,0,0,0
97308,0,0,0,0,0,0,0,0,0,0
97362,0,0,0,0,0,0,0,0,0,0
97416,0,0,0,0,0,0,0,0,0,0
97470,0,0,0,0,0,0,0,0,0,0
97524,0,0,0,0,0,0,0,0,0,0
97578,0,0,0,0,0,0,0,0,0,0
97632,0,0,0,0,0,0,0,0,0,0
97686,0,0,0,0,0,0,0,0,0,0
97740,0,0,0,0,0,0,0,0,0,0
97794,0,0,0,0,0,0,0,0,0,0
97848,0,0,0,0,0,0,0,0,0,0
97902,0,0,0,0,0,0,0,0,0,0
97956,0,0,0,0,0,0,0,0,0,0
98010,0,0,0,0,0,0,0,0,0,0
98064,0,0,0,0,0,0,0,0,0,0
98118,0,0,0,0,0,0,0,0,0,0
98172,0,0,0,0,0,0,0,0,0,0
98226,0,0,0,0,0,0,0,0,0,0
98280,0,0,0,0,0,0,0,0,0,0
98334,0,0,0,0,0,0,0,0,0,0
98388,0,0,0,0,0,0,0,0,0,0
98442,0,0,0,0,0,0,0,0,0,0
98496,0,0,0,0,0,0,0,0,0,0
98550,0,0,0,0,0,0,0,0,0,0
98604,0,0,0,0,0,0,0,0,0,0
98658,0,0,0,0,0,0,0,0,0,0
98712,0,0,0,0,0,0,0,0,0,0
98766,0,0,0,0,0,0,0,0,0,0
98820,0,0,0,0,0,0,0,0,0,0
98874,0,0,0,0,0,0,0,0,0,0
98928,0,0,0,0,0,0,0,0,0,0
98982,0,0,0,0,0,0,0,0,0,0
99036,0,0,0,0,0,0,0,0,0,0
99090,0,0,0,0,0,0,0,0,0,0
99144,0,0,0,0,0,0,0,0,0,0
99198,0,0,0,0,0,0,0,0,0,0
99252,0,0,0,0,0,0,0,0,0,0
99306,0,0,0,0,0,0,0,0,0,0
99360,0,0,0,0,0,0,0,0,0,0
99414,0,0,0,0,0,0,0,0,0,0
99468,0,0,0,0,0,0,0,0,0,0
99522,0,0,0,0,0,0,0,0,0,0
99576,0,0,0,0,0,0,0,0,0,0
99630,0,0,0,0,0,0,0,0,0,0
99684,0,0,0,0,0,0,0,0,0,0
99738,0,0,0,0,0,0,0,0,0,0
99792,0,0,0,0,0,0,0,0,0,0
99846,0,0,0,0,0,0,0,0,0,0
99900,0,0,0,0,0,0,0,0,0,0
99954,0,0,0,0,0,0,0,0,0,0
100008,0,0,0,0,0,0,0,0,0,0
100062,0,0,0,0,0,0,0,0,0,0
100116,0,0,0,0,0,0,0,0,0,0
100170,0,0,0,0,0,0,0,0,0,0
100224,0,0,0,0,0,0,0,0,0,0
100278,0,0,0,0,0,0,0,0,0,0
100332,0,0,0,0,0,0,0,0,0,0
100386,0,0,0,0,0,0,0,0,0,0
100440,0,0,0,0,0,0,0,0,0,0
100494,0,0,0,0,0,0,0,0,0,0
100548,0,0,0,0,0,0,0,0,0,0
100602,0,0,0,0,0,0,0,0,0,0
100656,0,0,0,0,0,0,0,0,0,0
100710,0,0,0,0,0,0,0,0,0,0
100764,0,0,0,0,0,0,0,0,0,0
100818,0,0,0,0,0,0,0,0,0,0
100872,0,0,0,0,0,0,0,0,0,0
100926,0,0,0,0,0,0,0,0,0,0
100980,0,0,0,0,0,0,0,0,0,0
101034,0,0,0,0,0,0,0,0,0,0
101088,0,0,0,0,0,0,0,0,0,0
101142,0,0,0,0,0,0,0,0,0,0
101196,0,0,0,0,0,0,0,0,0,0
101250,0,0,0,0,0,0,0,0,0,0
101304,0,0,0,0,0,0,0,0,0,0
101358,0,0,0,0,0,0,0,0,0,0
101412,0,0,0,0,0,0,0,0,0,0
101466,0,0,0,0,0,0,0,0,0,0
101520,0,0,0,0,0,0,0,0,0,0
101574,0,0,0,0,0,0,0,0,0,0
101628,0,0,0,0,0,0,0,0,0,0
101682,0,0,0,0,0,0,0,0,0,0
101736,0,0,0,0,0,0,0,0,0,0
101790,0,0,0,0,0,0,0,0,0,0
101844,0,0,0,0,0,0,0,0,0,0
101898,0,0,0,0,0,0,0,0,0,0
101952,0,0,0,0,0,0,0,0,0,0
102006,0,0,0,0,0,0,0,0,0,0
102060,0,0,0,0,0,0,0,0,0,0
102114,0,0,0,0,0,0,0,0,0,0
102168,0,0,0,0,0,0,0,0,0,0
102222,0,0,0,0,0,0,0,0,0,0
102276,0,0,0,0,0,0,0,0,0,0
102330,0,0,0,0,0,0,0,0,0,0
102384,0,0,0,0,0,0,0,0,0,0
102438,0,0,0,0,0,0,0,0,0,0
102492,0,0,0,0,0,0,0,0,0,0
102546,0,0,0,0,0,0,0,0,0,0
102600,0,0,0,0,0,0,0,0,0,0
102654,0,0,0,0,0,0,0,0,0,0
102708,0,0,0,0,0,0,0,0,0,0
102762,0,0,0,0,0,0,0,0,0,0
102816,0,0,0,0,0,0,0,0,0,0
102870,0,0,0,0,0,0,0,0,0,0
102924,0,0,0,0,0,0,0,0,0,0
102978,0,0,0,0,0,0,0,0,0,0
103032,0,0,0,0,0,0,0,0,0,0
103086,0,0,0,0,0,0,0,0,0,0
103140,0,0,0,0,0,0,0,0,0,0
103194,0,0,0,0,0,0,0,0,0,0
103248,0,0,0,0,0,0,0,0,0,0
103302,0,0,0,0,0,0,0,0,0,0
103356,0,0,0,0,0,0,0,0,0,0
103410,0,0,0,0,0,0,0,0,0,0
103464,0,0,0,0,0,0,0,0,0,0
103518,0,0,0,0,0,0,0,0,0,0
103572,0,0,0,0,0,0,0,0,0,0
103626,0,0,0,0,0,0,0,0,0,0
103680,0,0,0,0,0,0,0,0,0,0
103734,0,0,0,0,0,0,0,0,0,0
103788,0,0,0,0,0,0,0,0,0,0
103842,0,0,0,0,0,0,0,0,0,0
103896,0,0,0,0,0,0,0,0,0,0
103950,0,0,0,0,0,0,0,0,0,0
104004,0,0,0,0,0,0,0,0,0,0
104058,0,0,0,0,0,0,0,0,0,0
104112,0,0,0,0,0,0,0,0,0,0
104166,0,0,0,0,0,0,0,0,0,0
104220,0,0,0,0,0,0,0,0,0,0
104274,0,0,0,0,0,0,0,0,0,0
104328,0,0,0,0,0,0,0,0,0,0
104382,0,0,0,0,0,0,0,0,0,0
104436,0,0,0,0,0,0,0,0,0,0
104490,0,0,0,0,0,0,0,0,0,0
104544,0,0,0,0,0,0,0,0,0,0
104598,0,0,0,0,0,0,0,0,0,0
104652,0,0,0,0,0,0,0,0,0,0
104706,0,0,0,0,0,0,0,0,0,0
104760,0,0,0,0,0,0,0,0,0,0
104814,0,0,0,0,0,0,0,0,0,0
104868,0,0,0,0,0,0,0,0,0,0
104922,0,0,0,0,0,0,0,0,0,0
104976,0,0,0,0,0,0,0,0,0,0
105030,0,0,0,0,0,0,0,0,0,0
105084,0,0,0,0,0,0,0,0,0,0
105138,0,0,0,0,0,0,0,0,0,0
105192,0,0,0,0,0,0,0,0,0,0
105246,0,0,0,0,0,0,0,0,0,0
105300,0,0,0,0,0,0,0,0,0,0
105354,0,0,0,0,0,0,0,0,0,0
105408,0,0,0,0,0,0,0,0,0,0
105462,0,0,0,0,0,0,0,0,0,0
105516,0,0,0,0,0,0,0,0,0,0
105570,0,0,0,0,0,0,0,0,0,0
105624,0,0,0,0,0,0,0,0,0,0
105678,0,0,0,0,0,0,0,0,0,0
105732,0,0,0,0,0,0,0,0,0,0
105786,0,0,0,0,0,0,0,0,0,0
105840,0,0,0,0,0,0,0,0,0,0
105894,0,0,0,0,0,0,0,0,0,0
105948,0,0,0,0,0,0,0,0,0,0
106002,0,0,0,0,0,0,0,0,0,0
106056,0,0,0,0,0,0,0,0,0,0
106110,0,0,0,0,0,0,0,0,0,0
106164,0,0,0,0,0,0,0,0,0,0
106218,0,0,0,0,0,0,0,0,0,0
106272,0,0,0,0,0,0,0,0,0,0
106326,0,0,0,0,0,0,0,0,0,0
106380,0,0,0,0,0,0,0,0,0,0
106434,0,0,0,0,0,0,0,0,0,0
106488,0,0,0,0,0,0,0,0,0,0
106542,0,0,0,0,0,0,0,0,0,0
106596,0,0,0,0,0,0,0,0,0,0
106650,0,0,0,0,0,0,0,0,0,0
106704,0,0,0,0,0,0,0,0,0,0
106758,0,0,0,0,0,0,0,0,0,0
106812,0,0,0,0,0,0,0,0,0,0
106866,0,0,0,0,0,0,0,0,0,0
106920,0,0,0,0,0,0,0,0,0,0
106974,0,0,0,0,0,0,0,0,0,0
107028,0,0,0,0,0,0,0,0,0,0
107082,0,0,0,0,0,0,0,0,0,0
107136,0,0,0,0,0,0,0,0,0,0
107190,0,0,0,0,0,0,0,0,0,0
107244,0,0,0,0,0,0,0,0,0,0
107298,0,0,0,0,0,0,0,0,0,0
107352,0,0,0,0,0,0,0,0,0,0
107406,0,0,0,0,0,0,0,0,0,0
107460,0,0,0,0,0,0,0,0,0,0
107514,0,0,0,0,0,0,0,0,0,0
107568,0,0,0,0,0,0,0,0,0,0
107622,0,0,0,0,0,0,0,0,0,0
107676,0,0,0,0,0,0,0,0,0,0
107730,0,0,0,0,0,0,0,0,0,0
107784,0,0,0,0,0,0,0,0,0,0
107838,0,0,0,0,0,0,0,0,0,0
107892,0,0,0,0,0,0,0,0,0,0
107946,0,0,0,0,0,0,0,0,0,0
108000,0,0,0,0,0,0,0,0,0,0
108054,0,0,0,0,0,0,0,0,0,0
108108,0,0,0,0,0,0,0,0,0,0
108162,0,0,0,0,0,0,0,0,0,0
108216,0,0,0,0,0,0,0,0,0,0
108270,0,0,0,0,0,0,0,0,0,0
108324,0,0,0,0,0,0,0,0,0,0
108378,0,0,0,0,0,0,0,0,0,0
108432,0,0,0,0,0,0,0,0,0,0
108486,0,0,0,0,0,0,0,0,0,0
108540,0,0,0,0,0,0,0,0,0,0
108594,0,0,0,0,0,0,0,0,0,0
108648,0,0,0,0,0,0,0,0,0,0
108702,0,0,0,0,0,0,0,0,0,0
108756,0,0,0,0,0,0,0,0,0,0
108810,0,0,0,0,0,0,0,0,0,0
108864,0,0,0,0,0,0,0,0,0,0
108918,0,0,0,0,0,0,0,0,0,0
108972,0,0,0,0,0,0,0,0,0,0
109026,0,0,0,0,0,0,0,0,0,0
109080,0,0,0,0,0,0,0,0,0,0
109134,0,0,0,0,0,0,0,0,0,0
109188,0,0,0,0,0,0,0,0,0,0
109242,0,0,0,0,0,0,0,0,0,0
